City,Date,PM2.5,PM10,NO,NO2,NOx,NH3,CO,SO2,O3,Benzene,Toluene,Xylene,AQI,AQI_Bucket
Brajrajnagar,12/7/2017,171.38,311.68,,41.07,,7.78,3.26,5.83,4.69,0,,,,
Brajrajnagar,12/8/2017,126.67,192.81,,20.16,,7.97,2.94,5.43,10.51,0,,,304,Very Poor
Brajrajnagar,12/9/2017,105.11,154.39,,18.4,,8.15,2.83,5.1,10.33,0,,,291,Poor
Brajrajnagar,12/10/2017,65.25,99.73,,15.21,,7.9,2.74,4.75,8.37,0,,,189,Moderate
Brajrajnagar,12/11/2017,,,,,,,,,,,,,,
Brajrajnagar,12/12/2017,144.54,218.14,,22.63,,8.48,2.72,8.54,30.14,0,,,,
Brajrajnagar,12/13/2017,153.61,227.43,,18.47,,8.9,2.78,7.84,16.28,0,,,320,Very Poor
Brajrajnagar,12/14/2017,129.38,199.46,,17.77,,9.13,2.76,6.52,7.1,0,,,319,Very Poor
Brajrajnagar,12/15/2017,115.35,178.56,,16.99,,8.88,2.7,6.04,7.03,0,,,302,Very Poor
Brajrajnagar,12/16/2017,102,165.18,,15.96,,8.54,2.58,5.74,7,0,,,267,Poor
Brajrajnagar,12/17/2017,76.19,128.13,,17.33,,8.03,2.45,5.51,7.53,0,,,191,Moderate
Brajrajnagar,12/18/2017,72.55,124.51,,20.44,,7.18,2.5,5.91,7.15,0,,,138,Moderate
Brajrajnagar,12/19/2017,70.49,118.77,0.03,12.24,0.06,6.96,2.78,4.29,6.41,0,,,155,Moderate
Brajrajnagar,12/20/2017,,,0.02,0.03,0.04,,3.03,0.84,0.04,,,,,
Brajrajnagar,12/21/2017,,,0.02,0.03,0.04,,3.07,0.64,0.02,,,,,
Brajrajnagar,12/22/2017,,,0.02,0.02,0.04,,3.17,0.62,0.03,,,,,
Brajrajnagar,12/23/2017,,,,,,,,,,,,,,
Brajrajnagar,12/24/2017,,,,,,,,,,,,,,
Brajrajnagar,12/25/2017,,,,,,,,,,,,,,
Brajrajnagar,12/26/2017,,,,,,,,,,,,,,
Brajrajnagar,12/27/2017,,,0.02,0.03,0.04,,2.91,0.58,0.01,,,,,
Brajrajnagar,12/28/2017,,,0.02,0.02,0.04,,3.23,0.61,0.02,,,,,
Brajrajnagar,12/29/2017,,,0.03,0.02,0.04,,3.34,0.64,0.02,,,,,
Brajrajnagar,12/30/2017,,,0.02,0.03,0.03,,3.57,0.69,0.01,,,,,
Brajrajnagar,12/31/2017,,,,0.03,,,,,,,,,,
Brajrajnagar,1/1/2018,,,,0.03,,,,,,,,,,
Brajrajnagar,1/2/2018,,,,0.03,,,,,,,,,,
Brajrajnagar,1/3/2018,,,,0.03,,,,,,,,,,
Brajrajnagar,1/4/2018,,,,,,,,,,,,,,
Brajrajnagar,1/5/2018,,,,,,,,,,,,,,
Brajrajnagar,1/6/2018,,,,,,,,,,,,,,
Brajrajnagar,1/7/2018,,,,,,,,,,,,,,
Brajrajnagar,1/8/2018,,,,,,,,,,,,,,
Brajrajnagar,1/9/2018,,,,,,,,,,,,,,
Brajrajnagar,1/10/2018,,,0.03,0.04,0.07,,3.89,0.94,0.01,,,,,
Brajrajnagar,1/11/2018,,,0.02,0.02,0.04,,4.15,0.86,,,,,,
Brajrajnagar,1/12/2018,,,,,,,,,,,,,,
Brajrajnagar,1/13/2018,,,,,,,,,,,,,,
Brajrajnagar,1/14/2018,,,,,,,,,,,,,,
Brajrajnagar,1/15/2018,,,,,,,,,,,,,,
Brajrajnagar,1/16/2018,,,,,,,,,,,,,,
Brajrajnagar,1/17/2018,,,,,,,,,,,,,,
Brajrajnagar,1/18/2018,,,,,,,,,,,,,,
Brajrajnagar,1/19/2018,,,,,,,,,,,,,,
Brajrajnagar,1/20/2018,,,,,,,,,,,,,,
Brajrajnagar,1/21/2018,,,,,,,,,,,,,,
Brajrajnagar,1/22/2018,,,,,,,,,,,,,,
Brajrajnagar,1/23/2018,,,,,,,,,,,,,,
Brajrajnagar,1/24/2018,,,,,,,,,,,,,,
Brajrajnagar,1/25/2018,,,,,,,,,,,,,,
Brajrajnagar,1/26/2018,,,,,,,,,,,,,,
Brajrajnagar,1/27/2018,,,,,,,,,,,,,,
Brajrajnagar,1/28/2018,,,,,,,,,,,,,,
Brajrajnagar,1/29/2018,,,,,,,,,,,,,,
Brajrajnagar,1/30/2018,,,,,,,,,,,,,,
Brajrajnagar,1/31/2018,,,,,,,,,,,,,,
Brajrajnagar,2/1/2018,,,,,,,,,,,,,,
Brajrajnagar,2/2/2018,131.83,276.46,23.92,32.15,56.08,8.92,4.72,12.65,18.97,,,,308,Very Poor
Brajrajnagar,2/3/2018,106.75,216.39,22.39,28.58,50.97,8.84,4.7,11.73,18.93,,,,282,Poor
Brajrajnagar,2/4/2018,114.74,223.01,16.23,31.88,48.11,9.16,4.69,11.49,18.67,,,,285,Poor
Brajrajnagar,2/5/2018,129.1,262.29,20.17,34.18,54.35,9.48,4.64,10.65,12.73,,,,267,Poor
Brajrajnagar,2/6/2018,138.58,268.78,17.67,30.14,47.81,10.17,4.71,10.92,15.47,,,,310,Very Poor
Brajrajnagar,2/7/2018,122.68,226.39,19.58,28.96,48.53,10.63,4.71,10.49,10.78,,,,316,Very Poor
Brajrajnagar,2/8/2018,141.36,263.44,19.74,30.06,49.79,10.27,4.48,11.55,15.09,,,,300,Poor
Brajrajnagar,2/9/2018,107.02,206.24,16.15,27.87,44.01,9.86,4.48,10.8,17.8,,,,307,Very Poor
Brajrajnagar,2/10/2018,76.89,148.86,11.18,22.86,34.03,9.6,4.14,8.26,13.14,,,,179,Moderate
Brajrajnagar,2/11/2018,75.71,145.18,8.62,25.21,33.81,9.13,4.1,9.56,13.63,,,,160,Moderate
Brajrajnagar,2/12/2018,64.48,106.39,9.44,18.72,28.16,9.61,4.01,8.13,12.38,,,,145,Moderate
Brajrajnagar,2/13/2018,38.64,84.51,7.69,16.69,24.37,8.96,3.89,7.21,13.41,,,,125,Moderate
Brajrajnagar,2/14/2018,32.99,62.38,7.35,19.27,26.62,8.42,3.59,9.2,13.92,,,,124,Moderate
Brajrajnagar,2/15/2018,74.1,135.13,12.72,22.3,35.01,8.89,3.62,8.3,13.72,,,,127,Moderate
Brajrajnagar,2/16/2018,76.03,158.72,11.93,25.89,37.8,8.62,3.63,8.64,14.53,0,,,133,Moderate
Brajrajnagar,2/17/2018,84.71,191.72,22.42,24.54,46.95,9.2,3.7,7.61,9.66,0,,,191,Moderate
Brajrajnagar,2/18/2018,109.21,276.97,17.5,28.46,45.95,8.62,3.81,13.52,13.3,0,,,196,Moderate
Brajrajnagar,2/19/2018,133.97,296.79,19.16,27.13,46.29,9.47,3.96,12.02,16.2,0,,,303,Very Poor
Brajrajnagar,2/20/2018,109.11,228.41,19.64,27.57,47.19,10.31,3.95,10.01,11.94,0.09,,,302,Very Poor
Brajrajnagar,2/21/2018,82.44,182.86,17.86,23.06,40.92,10.98,3.84,10.91,10.93,0.01,,,214,Poor
Brajrajnagar,2/22/2018,88.45,214.45,19.2,30.18,49.38,10.39,3.86,20.18,15.95,0,,,176,Moderate
Brajrajnagar,2/23/2018,132.04,277.7,21.4,31.75,53.14,11.25,4.06,19.71,15.9,64.58,,,265,Poor
Brajrajnagar,2/24/2018,111.8,247.37,24.81,28.76,53.56,11.9,4.09,18.65,18.07,14.79,,,300,Poor
Brajrajnagar,2/25/2018,113.7,237.12,23.98,26.52,50.49,12.22,4.03,16,15.44,1.31,,,282,Poor
Brajrajnagar,2/26/2018,74.27,154.49,17.48,22.86,40.33,11.48,3.75,14.98,10.83,1.29,,,184,Moderate
Brajrajnagar,2/27/2018,66.41,152.61,24.58,23.43,48,12.9,3.88,15.16,11.3,1.87,,,175,Moderate
Brajrajnagar,2/28/2018,79.47,175.17,15.04,22.68,37.71,12.43,3.86,15.25,10.51,0,,,129,Moderate
Brajrajnagar,3/1/2018,97.62,216.82,22.92,24.04,46.95,13.25,4.04,15.44,10.33,0,,,194,Moderate
Brajrajnagar,3/2/2018,107.49,202.08,13.26,22.46,35.7,13.3,4.29,17.98,18.73,0,,,249,Poor
Brajrajnagar,3/3/2018,138.61,270.48,14.1,23.64,37.73,12.69,4.45,17.19,15.51,0.12,,,298,Poor
Brajrajnagar,3/4/2018,138.76,280.15,16.66,27.96,44.61,11.49,4.34,17.91,18.27,0,,,312,Very Poor
Brajrajnagar,3/5/2018,105.42,225.99,14.61,23.25,37.84,11.05,4.2,16.3,12.29,0.19,,,312,Very Poor
Brajrajnagar,3/6/2018,107.43,198.72,15.06,29.19,44.26,10.97,3.97,16.42,13.16,0.05,,,208,Poor
Brajrajnagar,3/7/2018,101.91,195.56,12.18,26.95,39.12,10.54,4.02,16.17,15.68,0,,,241,Poor
Brajrajnagar,3/8/2018,74.6,138.09,9.54,23.63,33.16,9.71,3.96,15.13,14.92,0,,,238,Poor
Brajrajnagar,3/9/2018,101.02,194.6,13.89,27.3,41.21,9.57,3.9,15.67,15.6,0,,,135,Moderate
Brajrajnagar,3/10/2018,111.29,226.09,18.89,29.92,48.81,9.98,4.26,16.68,17.43,0,,,301,Very Poor
Brajrajnagar,3/11/2018,191.33,318.98,18.17,31.32,49.48,10.58,4.53,17.73,16.97,0,,,316,Very Poor
Brajrajnagar,3/12/2018,175.92,332.84,21.29,34.54,55.81,10.63,4.45,17.75,18.33,0,,,355,Very Poor
Brajrajnagar,3/13/2018,142.27,252.49,17.11,33.82,50.91,9.8,4.36,17.18,17.68,0,,,325,Very Poor
Brajrajnagar,3/14/2018,165.82,294.65,16.34,34.85,51.19,9.69,4.43,18.57,22.26,0,,,325,Very Poor
Brajrajnagar,3/15/2018,165.11,294.93,18.16,36.86,55,10.56,4.6,18.19,15.22,0.05,,,341,Very Poor
Brajrajnagar,3/16/2018,70.35,98.68,17.6,28.08,45.66,11.91,4.06,16.1,7.82,0,,,245,Poor
Brajrajnagar,3/17/2018,84.67,156.42,22.87,20.09,42.94,11.94,3.93,15.71,14.21,0,,,149,Moderate
Brajrajnagar,3/18/2018,98.35,205.38,22.13,22.01,44.13,11.1,4.02,15.03,13.23,0,,,217,Poor
Brajrajnagar,3/19/2018,84.18,185.76,9.35,25.52,34.87,9.49,3.91,14.55,16.45,0,,,195,Moderate
Brajrajnagar,3/20/2018,123.81,273.73,12.99,31.84,44.82,9.25,4.07,15.87,17.03,0,,,237,Poor
Brajrajnagar,3/21/2018,142.71,264.81,18.82,35.15,53.94,10.39,4.44,17.09,9.57,0,,,321,Very Poor
Brajrajnagar,3/22/2018,81.95,150.97,11.18,27.66,38.83,10.33,3.99,15.48,15.65,0,,,243,Poor
Brajrajnagar,3/23/2018,109.51,211.11,20.48,30.11,50.59,10.07,4.17,15.2,14.9,0,,,246,Poor
Brajrajnagar,3/24/2018,104.98,206.05,20.67,29.53,50.16,9.65,4.17,14.84,14.63,0,,,247,Poor
Brajrajnagar,3/25/2018,112.66,234.69,12.99,29.35,42.32,9.72,4.14,14.75,16.8,0,,,232,Poor
Brajrajnagar,3/26/2018,102.38,241.51,13.95,31.82,45.76,9.11,4.19,15.85,20.36,0,,,272,Poor
Brajrajnagar,3/27/2018,138.98,296.39,13.65,33.92,47.54,10.59,4.62,16.99,22.25,0,,,296,Poor
Brajrajnagar,3/28/2018,190.61,284.15,13.62,34.86,48.47,11.78,4.49,19.25,23.54,0,,,334,Very Poor
Brajrajnagar,3/29/2018,170.06,326.35,17.53,35.24,52.73,11.13,4.61,20.89,16.73,0,,,337,Very Poor
Brajrajnagar,3/30/2018,152.57,316.75,19.68,37.39,57.05,11.23,4.77,20.84,16.11,0.2,,,345,Very Poor
Brajrajnagar,3/31/2018,110.16,246.8,18.87,27.23,46.1,11.29,4.42,18.2,18.2,0,,,284,Poor
Brajrajnagar,4/1/2018,59.95,155.03,11.13,18.43,29.54,10.25,4.08,16.48,16.94,0,,,210,Poor
Brajrajnagar,4/2/2018,60.56,99.16,7.48,19.97,27.45,10.02,3.92,15.79,16.75,0,,,125,Moderate
Brajrajnagar,4/3/2018,82.22,157.33,10.59,20.98,31.56,10.55,4.01,16.16,18.95,0,,,133,Moderate
Brajrajnagar,4/4/2018,60.63,123.03,10.35,20.27,30.6,10.33,4,15.32,13.01,0,,,180,Moderate
Brajrajnagar,4/5/2018,62.08,131.56,12.65,19.46,32.1,10.25,3.83,14.87,20.89,0,,,124,Moderate
Brajrajnagar,4/6/2018,53.48,118.71,8.46,18.32,26.77,9.16,3.72,14.75,23.32,0,,,123,Moderate
Brajrajnagar,4/7/2018,47.96,84.93,6.93,15.99,22.92,8.52,3.55,13.86,20.06,0,,,121,Moderate
Brajrajnagar,4/8/2018,65.81,107.11,7.22,17.02,24.24,7.77,3.51,14.64,20.7,0,,,120,Moderate
Brajrajnagar,4/9/2018,48.4,101.29,9.78,15.68,25.46,8.42,3.55,13.96,19.92,0,,,136,Moderate
Brajrajnagar,4/10/2018,51.76,106.64,6.1,15.28,21.38,7.86,3.43,13.32,20.56,0,,,118,Moderate
Brajrajnagar,4/11/2018,62.35,133.3,6.42,19.07,25.47,7.31,3.52,13.43,21.43,0,,,122,Moderate
Brajrajnagar,4/12/2018,53.98,119.41,7.62,17.65,25.26,7.61,3.42,13.44,17.38,0,,,131,Moderate
Brajrajnagar,4/13/2018,66.41,148.03,7.22,19.7,26.9,8.06,3.38,13.28,13.64,0,,,119,Moderate
Brajrajnagar,4/14/2018,72.11,171.44,8.44,17.41,25.85,8.97,3.43,13.1,20.82,0,,,165,Moderate
Brajrajnagar,4/15/2018,59.53,134.21,6.27,17.68,23.92,9.01,3.37,13.05,20.1,0,,,137,Moderate
Brajrajnagar,4/16/2018,66.7,157.14,6.29,21.15,27.44,8.93,3.35,13.8,23.5,0,,,128,Moderate
Brajrajnagar,4/17/2018,71.55,160.58,6.62,18.11,24.71,9.42,3.5,13.34,22.42,0,,,162,Moderate
Brajrajnagar,4/18/2018,63.99,129.83,21.34,21.17,42.5,9.26,3.47,12.91,12.92,0,,,120,Moderate
Brajrajnagar,4/19/2018,90.1,217.95,33.86,20.64,54.51,9.26,3.55,13.04,12.41,0,,,160,Moderate
Brajrajnagar,4/20/2018,80.52,177.28,26.01,18.25,44.24,10.35,3.59,13.34,24.14,0.19,,,226,Poor
Brajrajnagar,4/21/2018,59.15,141.27,5.1,19.72,24.81,9.72,3.28,13.13,23.52,0,,,120,Moderate
Brajrajnagar,4/22/2018,84.31,199.05,11.81,23.6,35.41,10.58,3.71,13.85,13.79,0,,,162,Moderate
Brajrajnagar,4/23/2018,63.4,162.61,11.46,19.53,30.97,10,3.34,12.87,15.67,0,,,152,Moderate
Brajrajnagar,4/24/2018,66.68,157.02,7.13,21.6,28.73,9.78,3.24,13.7,18.19,0,,,131,Moderate
Brajrajnagar,4/25/2018,84.36,203.02,10.37,23.62,33.99,9.89,3.38,13.78,21.32,0,,,149,Moderate
Brajrajnagar,4/26/2018,84.04,227.33,14.05,22.36,36.4,10.04,3.56,14.15,28.11,0.27,,,235,Poor
Brajrajnagar,4/27/2018,70.22,169.4,5.74,21.61,27.35,9.27,3.3,14.21,26.7,0.31,,,146,Moderate
Brajrajnagar,4/28/2018,43.2,115.78,4.69,14.32,19,8.81,3.23,13.55,29.9,0.16,,,125,Moderate
Brajrajnagar,4/29/2018,27.32,88.77,9.05,14.05,22.91,12.42,3.38,13.08,30.29,0.24,,,116,Moderate
Brajrajnagar,4/30/2018,11.39,31.08,8,15.23,23.21,14.69,3.58,13.36,19.03,0,,,,
Brajrajnagar,5/1/2018,49.8,95.59,8.23,14.82,23.04,14.5,3.54,13.66,12.87,0,,,118,Moderate
Brajrajnagar,5/2/2018,30.34,71.62,8.09,15.32,23.4,13.56,3.35,13.32,30.1,0,,,117,Moderate
Brajrajnagar,5/3/2018,40.96,79.29,5.55,15.28,20.84,11.3,3.13,12.72,20.38,0,,,115,Moderate
Brajrajnagar,5/4/2018,56.56,126.57,11.32,17.87,29.18,9.88,3.25,12.74,26.05,0,,,119,Moderate
Brajrajnagar,5/5/2018,64.78,159.85,6.57,21.58,28.14,9.21,3.32,12.87,26.57,0,,,124,Moderate
Brajrajnagar,5/6/2018,67.12,167.38,5.2,21.61,26.82,8.49,3.28,12.88,29.03,0,,,134,Moderate
Brajrajnagar,5/7/2018,66.6,147.27,4.05,18.02,22.09,7.6,3.19,13.14,33.22,0,,,139,Moderate
Brajrajnagar,5/8/2018,80.49,170.83,6.43,20.22,25.71,7.85,3.3,13.48,27.09,0,,,182,Moderate
Brajrajnagar,5/9/2018,92.4,232.53,8.21,22.49,24.53,7.61,2.7,13.12,24.27,0,,,141,Moderate
Brajrajnagar,5/10/2018,65.29,159.02,5.4,18.31,23.7,10.42,3.3,13.13,31.11,0,,,155,Moderate
Brajrajnagar,5/11/2018,61.67,140.15,4.29,16.7,20.99,10.84,3.18,13.2,28.72,0,,,132,Moderate
Brajrajnagar,5/12/2018,49.68,112.47,3.61,17.05,20.66,9.41,3.12,13.03,32.84,0,,,118,Moderate
Brajrajnagar,5/13/2018,52.02,110.69,4.62,18.72,23.32,8.51,3.17,12.99,28.89,0,,,119,Moderate
Brajrajnagar,5/14/2018,35.89,67.19,4.84,15.89,20.7,8.07,3.14,12.74,17.21,0,,,116,Moderate
Brajrajnagar,5/15/2018,45.36,74.62,4.27,16.05,20.32,7.52,3.17,12.69,23.72,0,,,116,Moderate
Brajrajnagar,5/16/2018,53.9,107.07,3.86,19.28,23.14,7.53,3.14,12.71,28.91,0,,,116,Moderate
Brajrajnagar,5/17/2018,56.8,133.44,3.57,16.64,20.2,7.14,3.06,12.53,27.16,0,,,116,Moderate
Brajrajnagar,5/18/2018,52,120.05,2.87,14.32,17.18,6.6,3.05,12.6,31.76,0.24,,,125,Moderate
Brajrajnagar,5/19/2018,53.83,97.81,4.57,16.37,20.93,6.37,3.08,12.4,18.8,0,,,114,Moderate
Brajrajnagar,5/20/2018,61.45,124.05,5.85,16.3,22.14,5.91,3.16,12.69,27.95,0,,,130,Moderate
Brajrajnagar,5/21/2018,50.51,100.95,3.23,14.56,17.79,5.78,3.03,12.64,24.89,0,,,113,Moderate
Brajrajnagar,5/22/2018,72.02,134.28,4.94,17.34,22.28,5.54,3.15,12.52,22.75,0,,,118,Moderate
Brajrajnagar,5/23/2018,56.13,95.61,4.61,13.41,18.01,5.25,3.15,12.5,25.15,0,,,154,Moderate
Brajrajnagar,5/24/2018,46.32,92.4,4.28,13.75,18.03,4.71,2.99,12.47,27.18,0,,,113,Moderate
Brajrajnagar,5/25/2018,51.03,99.86,2.7,14.46,17.16,4.48,2.97,12.43,25.04,0,,,113,Moderate
Brajrajnagar,5/26/2018,50.59,108.1,3.13,15.63,18.76,4.39,2.97,12.53,25.46,0,,,113,Moderate
Brajrajnagar,5/27/2018,41.71,84.85,2.89,15.91,18.81,4.07,2.92,12.74,26.14,0.05,,,112,Moderate
Brajrajnagar,5/28/2018,53.87,98.28,5.84,13.92,19.75,4.64,3,12.79,24.01,1.3,,,114,Moderate
Brajrajnagar,5/29/2018,41.89,88.67,6.95,10.94,17.9,4.95,2.99,12.85,24.37,1.89,,,114,Moderate
Brajrajnagar,5/30/2018,45.66,106.31,5.45,13.01,18.44,5.56,2.98,12.76,26.32,1.61,,,112,Moderate
Brajrajnagar,5/31/2018,38.05,61.23,6.37,11.19,17.52,6.58,2.96,12.51,16.82,0.83,,,113,Moderate
Brajrajnagar,6/1/2018,,,,,,,,,,,,,,
Brajrajnagar,6/2/2018,,,,,,,,,,,,,,
Brajrajnagar,6/3/2018,,,,,,,,,,,,,,
Brajrajnagar,6/4/2018,11.05,32.12,6.25,12.99,19.19,7.98,2.94,12.89,18.96,6.1,,,,
Brajrajnagar,6/5/2018,50.06,97.1,4.04,10.51,14.55,10.2,2.57,12.78,15.23,3.29,,,107,Moderate
Brajrajnagar,6/6/2018,55.84,100.01,3.62,11.86,15.49,15.1,2.38,12.77,13.33,2.13,,,105,Moderate
Brajrajnagar,6/7/2018,42.67,74.46,2.58,9.62,12.19,14.54,2.36,12.53,19.24,2.03,,,106,Moderate
Brajrajnagar,6/8/2018,49.76,70.51,2.75,10.25,13,16.14,2.45,12.42,16.37,2.38,,,106,Moderate
Brajrajnagar,6/9/2018,55.9,79.68,3.71,10.8,14.51,15.24,2.56,12.48,13.69,2.55,,,108,Moderate
Brajrajnagar,6/10/2018,47.22,61.64,4.22,9.87,14.1,12.38,2.63,12.34,16.47,3.88,,,111,Moderate
Brajrajnagar,6/11/2018,41.95,60.84,3.18,10.79,13.97,10.41,2.57,12.31,13.8,2.74,,,108,Moderate
Brajrajnagar,6/12/2018,32.83,,2.81,9.42,12.23,8.92,2.47,12.19,18.76,1.36,,,107,Moderate
Brajrajnagar,6/13/2018,39.46,,3.34,11.6,14.93,8.12,2.53,12.32,13.16,1.6,,,107,Moderate
Brajrajnagar,6/14/2018,66.26,,5.36,13.62,18.98,7.62,2.57,12.5,13.34,2.41,,,109,Moderate
Brajrajnagar,6/15/2018,88.97,,4.85,13.34,18.18,7.09,2.6,12.62,15.58,1.84,,,158,Moderate
Brajrajnagar,6/16/2018,87.78,,5.28,16.61,21.86,6.86,2.62,12.78,15.33,3.19,,,217,Poor
Brajrajnagar,6/17/2018,74.96,,9.56,16.06,25.62,6.58,2.74,12.8,14.78,4.44,,,167,Moderate
Brajrajnagar,6/18/2018,62.05,,5.37,15.06,20.41,6.29,2.61,12.62,14.15,2.98,,,126,Moderate
Brajrajnagar,6/19/2018,38.68,103.39,4.32,13.27,17.58,6,2.51,12.52,16.33,1.33,,,108,Moderate
Brajrajnagar,6/20/2018,46.46,105.66,3.69,13.27,16.96,6.5,2.5,12.38,15.69,2.62,,,107,Moderate
Brajrajnagar,6/21/2018,47.81,95.03,3.67,12.19,15.83,7.47,2.54,12.39,16.86,2.33,,,110,Moderate
Brajrajnagar,6/22/2018,35.95,53.61,3.62,10.89,14.5,7.48,2.56,12.32,16.06,1.62,,,109,Moderate
Brajrajnagar,6/23/2018,44.95,79.31,4.71,12.48,17.18,7,2.56,12.32,12.49,1.78,,,108,Moderate
Brajrajnagar,6/24/2018,43.18,84.77,4.78,12.92,17.69,6.5,2.59,12.6,12.76,1.76,,,109,Moderate
Brajrajnagar,6/25/2018,30.19,70.34,2.99,12.35,15.34,5.92,2.5,12.75,18.13,1.29,,,108,Moderate
Brajrajnagar,6/26/2018,30.66,53.71,4.93,10.81,15.74,5.84,2.5,12.38,7.73,0.7,,,107,Moderate
Brajrajnagar,6/27/2018,22.36,43.09,6.22,8.51,14.74,5.69,2.57,12.18,6.19,1.12,,,108,Moderate
Brajrajnagar,6/28/2018,18.95,38.45,4.01,7.8,11.8,5.04,2.48,12.34,10.2,0.56,,,108,Moderate
Brajrajnagar,6/29/2018,32.68,63.16,5.91,9.4,15.3,5,2.52,12.43,9.39,0.72,,,107,Moderate
Brajrajnagar,6/30/2018,46.65,94.54,6.6,10.23,16.84,4.88,2.6,12.53,10.8,1.59,,,109,Moderate
Brajrajnagar,7/1/2018,45.42,76.09,5.22,11.47,16.7,5,2.68,12.93,11.71,2.96,,,111,Moderate
Brajrajnagar,7/2/2018,30.04,53.49,3.47,9.57,13.04,4.76,2.46,12.34,11.21,0.67,,,106,Moderate
Brajrajnagar,7/3/2018,38.52,55.35,5.09,11.42,16.5,5.24,2.71,12.88,9.38,3.53,,,111,Moderate
Brajrajnagar,7/4/2018,36.48,62.09,5.99,10.39,16.28,4.94,2.43,12.62,8.97,1.2,,,108,Moderate
Brajrajnagar,7/5/2018,31.92,63.99,4.54,11.38,15.92,4.76,2.14,12.69,9.16,1.01,,,103,Moderate
Brajrajnagar,7/6/2018,37.85,78.56,4.67,10.43,15.1,4.64,2.17,12.43,9.26,1.08,,,103,Moderate
Brajrajnagar,7/7/2018,49.42,93.84,5.61,10.53,16.13,4.76,2.27,12.59,10.13,1.34,,,104,Moderate
Brajrajnagar,7/8/2018,31.45,53.03,4.7,9.56,14.25,4.56,2.19,12.7,8.26,0.68,,,103,Moderate
Brajrajnagar,7/9/2018,29.41,49.46,4.55,9.23,13.78,4.38,2.14,12.59,7.95,0.6,,,102,Moderate
Brajrajnagar,7/10/2018,27.87,50.74,5.23,9.72,14.95,4.48,2.22,12.64,7.22,0.98,,,104,Moderate
Brajrajnagar,7/11/2018,29.38,49.42,6.44,9.99,16.42,4.37,2.3,12.73,6.93,1.19,,,104,Moderate
Brajrajnagar,7/12/2018,30.48,44.06,4.76,9.6,14.36,4.88,2.28,12.93,7.72,1.15,,,105,Moderate
Brajrajnagar,7/13/2018,29.94,43.49,3.96,9.26,13.22,6.46,2.27,12.87,8.68,1.64,,,105,Moderate
Brajrajnagar,7/14/2018,25.35,37.98,3.73,7.72,11.45,7.8,2.08,12.27,8.23,0.5,,,102,Moderate
Brajrajnagar,7/15/2018,13,23.51,3.75,5.59,9.34,7.3,2,11.95,7.14,0.36,,,101,Moderate
Brajrajnagar,7/16/2018,17.13,25.16,5.52,7.81,13.31,6.94,2.07,12.26,6.28,0.44,,,101,Moderate
Brajrajnagar,7/17/2018,21.11,24.46,4.36,8.66,13.03,6.69,2.22,12.85,7.71,1.96,,,104,Moderate
Brajrajnagar,7/18/2018,28.94,38.86,4.84,8.29,13.13,6.25,2.13,12.68,6.81,1.2,,,102,Moderate
Brajrajnagar,7/19/2018,30.5,50.63,7.18,10.79,17.98,5.82,2.14,13.03,6.32,1.11,,,103,Moderate
Brajrajnagar,7/20/2018,35.52,63.88,7.19,9.32,16.51,5.59,1.94,12.49,6.27,0.84,,,100,Satisfactory
Brajrajnagar,7/21/2018,19.23,30.91,5.57,8.89,14.46,5.13,0.37,12.28,6.39,0.29,,,71,Satisfactory
Brajrajnagar,7/22/2018,18.05,22.7,5.77,8.37,14.14,4.93,0,12.24,6.61,0.25,,,34,Good
Brajrajnagar,7/23/2018,19.71,26.98,4.23,8.59,12.81,5.05,0,12.58,8.39,0.99,,,29,Good
Brajrajnagar,7/24/2018,28.03,47.39,6.05,10.14,16.18,4.87,0,12.83,7.14,1.05,,,43,Good
Brajrajnagar,7/25/2018,33.52,62.91,7.18,9.71,16.88,4.56,0,12.59,6.57,0.49,,,56,Satisfactory
Brajrajnagar,7/26/2018,24.83,39.98,6.94,8.78,15.73,4.4,0,12.34,6.54,0.64,,,54,Satisfactory
Brajrajnagar,7/27/2018,42.07,73.54,8.07,8.66,16.72,4.43,0,12.33,5.27,0.39,,,52,Satisfactory
Brajrajnagar,7/28/2018,42.07,77.33,6.85,9.44,16.31,4.27,0,12.46,5.78,0.41,,,77,Satisfactory
Brajrajnagar,7/29/2018,42.02,65.44,7.68,8.22,15.9,4.31,0,12.36,5.45,0.66,,,73,Satisfactory
Brajrajnagar,7/30/2018,52.31,92.27,5.49,9.76,15.26,4.4,0,12.6,7.02,0.74,,,84,Satisfactory
Brajrajnagar,7/31/2018,45.8,85.4,5.35,9.41,14.74,4.57,0,12.51,7.16,0.53,,,85,Satisfactory
Brajrajnagar,8/1/2018,37.79,54.85,5.95,8.87,14.81,4.77,0,12.32,5.51,0.71,,,74,Satisfactory
Brajrajnagar,8/2/2018,52.27,104.18,5.75,10.24,15.99,4.52,0,12.41,5.76,0.37,,,73,Satisfactory
Brajrajnagar,8/3/2018,70.94,122.95,7.85,11.1,18.95,4.74,0,12.86,6.29,1.01,,,122,Moderate
Brajrajnagar,8/4/2018,87.09,133.51,8.56,9.83,18.37,4.67,0,12.57,7.04,0.5,,,151,Moderate
Brajrajnagar,8/5/2018,52.13,134.21,5.68,9.64,15.31,4.59,0,12.66,6.7,0.25,,,164,Moderate
Brajrajnagar,8/6/2018,51.65,98.18,11.12,7.82,18.93,4.78,0,12.58,4.2,0.39,,,109,Moderate
Brajrajnagar,8/7/2018,28.62,46.5,8.08,6.61,14.68,4.58,0,12.3,4.72,0.22,,,81,Satisfactory
Brajrajnagar,8/8/2018,17.97,30.25,6.15,7.62,13.77,4.51,0,12.58,5.05,0.15,,,31,Good
Brajrajnagar,8/9/2018,33.1,49.71,7.2,8.73,15.92,4.78,0,12.67,5.75,0.57,,,41,Good
Brajrajnagar,8/10/2018,49.75,82.53,9.65,8.93,18.58,4.77,0,12.92,5.88,0.87,,,68,Satisfactory
Brajrajnagar,8/11/2018,58.33,86.3,8.79,9.73,18.51,4.63,0,13.08,5.7,1.08,,,96,Satisfactory
Brajrajnagar,8/12/2018,50.37,66.92,4.49,8.53,13.01,4.36,0,12.96,7.14,0.38,,,89,Satisfactory
Brajrajnagar,8/13/2018,29.61,59.97,4.75,7.5,12.25,4.25,0,12.52,6.13,0.23,,,71,Satisfactory
Brajrajnagar,8/14/2018,29.5,40.83,7.11,6.45,13.56,4.23,0,12.29,4.97,0.52,,,54,Satisfactory
Brajrajnagar,8/15/2018,12.71,24.15,4.34,5.31,9.64,4.07,0,12.01,5.62,0.17,,,39,Good
Brajrajnagar,8/16/2018,13.45,26.39,5.57,7.31,12.89,3.92,0,12.23,4.43,0.1,,,22,Good
Brajrajnagar,8/17/2018,25.56,40.18,6.88,8.27,15.15,3.95,0,12.83,4.82,0.26,,,29,Good
Brajrajnagar,8/18/2018,29.74,42.93,8.33,7.62,15.93,3.95,0,12.86,5.33,0.69,,,54,Satisfactory
Brajrajnagar,8/19/2018,28.27,44.95,4.53,8.36,12.89,3.79,0.2,12.88,5.71,0.44,,,54,Satisfactory
Brajrajnagar,8/20/2018,18.07,25.99,4.34,7.01,11.36,4.01,0.16,12.55,4.91,0.24,,,82,Satisfactory
Brajrajnagar,8/21/2018,18.22,26.34,4.28,7.29,11.58,3.85,0.03,12.58,5.99,0.11,,,38,Good
Brajrajnagar,8/22/2018,18.75,35.7,5.93,7.17,13.11,3.86,0.31,12.17,4.16,0.08,,,79,Satisfactory
Brajrajnagar,8/23/2018,36.16,55.98,6.87,8.58,15.44,3.78,0.32,12.32,4.43,0.22,,,76,Satisfactory
Brajrajnagar,8/24/2018,32.24,54.51,8.23,9.2,17.42,4.37,0.1,12.54,3.84,0.27,,,75,Satisfactory
Brajrajnagar,8/25/2018,36.63,42.47,10.47,7.38,17.84,4.7,0.45,12.66,3.71,0.29,,,88,Satisfactory
Brajrajnagar,8/26/2018,27.29,38.33,11.51,6.03,17.54,4.67,0.13,12.3,3.41,0.29,,,70,Satisfactory
Brajrajnagar,8/27/2018,32.51,46.53,9.47,6.8,16.27,4.46,0.17,12.65,3.83,0.45,,,72,Satisfactory
Brajrajnagar,8/28/2018,32.66,42.14,11.68,7.04,18.71,4.56,0.14,12.63,3.8,0.47,,,63,Satisfactory
Brajrajnagar,8/29/2018,38,53.97,9.11,7.64,16.74,4.54,0.25,12.59,4.85,0.52,,,65,Satisfactory
Brajrajnagar,8/30/2018,40.63,64.24,7.7,7.08,14.76,4.5,0.02,12.42,4.6,0.34,,,82,Satisfactory
Brajrajnagar,8/31/2018,,,,,,,,,,,,,,
Brajrajnagar,9/1/2018,,,,,,,,,,,,,,
Brajrajnagar,9/2/2018,,,,,,,,,,,,,,
Brajrajnagar,9/3/2018,,,,,,,,,,,,,,
Brajrajnagar,9/4/2018,,,,,,,,,,,,,,
Brajrajnagar,9/5/2018,,,,,,,,,,,,,,
Brajrajnagar,9/6/2018,,,,,,,,,,,,,,
Brajrajnagar,9/7/2018,,,,,,,,,,,,,,
Brajrajnagar,9/8/2018,,,,,,,,,,,,,,
Brajrajnagar,9/9/2018,,,,,,,,,,,,,,
Brajrajnagar,9/10/2018,,,,,,,,,,,,,,
Brajrajnagar,9/11/2018,,,,,,,,,,,,,,
Brajrajnagar,9/12/2018,,,,,,,,,,,,,,
Brajrajnagar,9/13/2018,,,,,,,,,,,,,,
Brajrajnagar,9/14/2018,,,,,,,,,,,,,,
Brajrajnagar,9/15/2018,,,,,,,,,,,,,,
Brajrajnagar,9/16/2018,,,,,,,,,,,,,,
Brajrajnagar,9/17/2018,,,,,,,,,,,,,,
Brajrajnagar,9/18/2018,,,,,,,,,,,,,,
Brajrajnagar,9/19/2018,,,,,,,,,,,,,,
Brajrajnagar,9/20/2018,,,,,,,,,,,,,,
Brajrajnagar,9/21/2018,,,,,,,,,,,,,,
Brajrajnagar,9/22/2018,,,,,,,,,,,,,,
Brajrajnagar,9/23/2018,,,,,,,,,,,,,,
Brajrajnagar,9/24/2018,,,,,,,,,,,,,,
Brajrajnagar,9/25/2018,,,,,,,,,,,,,,
Brajrajnagar,9/26/2018,,,,,,,,,,,,,,
Brajrajnagar,9/27/2018,,,,,,,,,,,,,,
Brajrajnagar,9/28/2018,,,,,,,,,,,,,,
Brajrajnagar,9/29/2018,,,,,,,,,,,,,,
Brajrajnagar,9/30/2018,,,,,,,,,,,,,,
Brajrajnagar,10/1/2018,,,,,,,,,,,,,,
Brajrajnagar,10/2/2018,,,,,,,,,,,,,,
Brajrajnagar,10/3/2018,,,,,,,,,,,,,,
Brajrajnagar,10/4/2018,,,,,,,,,,,,,,
Brajrajnagar,10/5/2018,,,,,,,,,,,,,,
Brajrajnagar,10/6/2018,,,,,,,,,,,,,,
Brajrajnagar,10/7/2018,,,,,,,,,,,,,,
Brajrajnagar,10/8/2018,,,,,,,,,,,,,,
Brajrajnagar,10/9/2018,,,,,,,,,,,,,,
Brajrajnagar,10/10/2018,,,,,,,,,,,,,,
Brajrajnagar,10/11/2018,,,,,,,,,,,,,,
Brajrajnagar,10/12/2018,,,,,,,,,,,,,,
Brajrajnagar,10/13/2018,,,,,,,,,,,,,,
Brajrajnagar,10/14/2018,,,,,,,,,,,,,,
Brajrajnagar,10/15/2018,,,,,,,,,,,,,,
Brajrajnagar,10/16/2018,,,,,,,,,,,,,,
Brajrajnagar,10/17/2018,,164.39,8.11,19.25,27.35,5.17,0,13.61,15.37,0.34,,,,
Brajrajnagar,10/18/2018,,151.07,15,14.44,29.43,5.23,0,13.53,11.13,0.58,,,135,Moderate
Brajrajnagar,10/19/2018,,150.92,17.35,13.22,30.57,5.32,0,13.3,8.04,0.96,,,133,Moderate
Brajrajnagar,10/20/2018,,123.54,12.92,10.15,23.06,5.1,0,12.86,6.24,0.52,,,128,Moderate
Brajrajnagar,10/21/2018,,120.15,13.59,10.66,24.24,4.86,0,12.79,5.71,0.41,,,112,Moderate
Brajrajnagar,10/22/2018,,129.42,14.41,12.16,26.57,5.78,0,13.07,8.09,0.98,,,120,Moderate
Brajrajnagar,10/23/2018,,100.23,12.17,10.61,20.07,7.09,0.9,13.05,7.18,0.12,,,112,Moderate
Brajrajnagar,10/24/2018,6.6,102.69,12.98,15.43,21.14,10.53,2.76,12.65,8.21,0.07,,,141,Moderate
Brajrajnagar,10/25/2018,9.59,115.07,14.71,19.83,26.35,16.29,0.34,13.42,8.96,0.38,,,107,Moderate
Brajrajnagar,10/26/2018,,109.32,14.8,17.1,27.03,24.21,0.31,12.61,8.9,0.43,,,110,Moderate
Brajrajnagar,10/27/2018,,111.84,16.46,20.64,26.71,19.82,0.29,12.67,9.39,0.61,,,103,Moderate
Brajrajnagar,10/28/2018,,104.53,16.86,20.31,31.6,17.22,0.45,12.82,9.47,0.62,,,112,Moderate
Brajrajnagar,10/29/2018,,106.58,18.56,21.39,27.74,15.95,0.49,12.95,12.37,0.76,,,100,Satisfactory
Brajrajnagar,10/30/2018,73.58,92.89,17.25,27.27,27.01,18.64,0.48,12.36,7.85,0.41,,,99,Satisfactory
Brajrajnagar,10/31/2018,28.82,59.73,17.79,18.61,24.79,19.24,0.41,12.23,6.54,0.25,,,79,Satisfactory
Brajrajnagar,11/1/2018,50.79,89.2,25.31,18.96,34.02,16.21,0.45,12.63,7.49,0.24,,,59,Satisfactory
Brajrajnagar,11/2/2018,70.44,113.42,22.93,22.23,31.54,14.44,0.49,12.92,9.02,0.52,,,101,Moderate
Brajrajnagar,11/3/2018,69.02,111.27,24.29,19.93,39.44,13.21,0.55,13.67,7.43,0.64,,,165,Moderate
Brajrajnagar,11/4/2018,73.08,115.6,28.51,24.11,39.82,12.17,0.57,14.14,9.8,0.66,,,130,Moderate
Brajrajnagar,11/5/2018,70.58,110.05,24.47,25.09,33.03,11.46,0.57,13.59,11.38,0.7,,,141,Moderate
Brajrajnagar,11/6/2018,81.34,120.17,24.28,28.78,35.01,11.32,0.6,13.52,10.85,0.83,,,171,Moderate
Brajrajnagar,11/7/2018,122.91,159.59,15.41,17.2,26.43,11.08,0.51,12.92,11.98,0.59,,,187,Moderate
Brajrajnagar,11/8/2018,114.48,157.27,12.45,22.22,26.72,11.23,0.53,13.29,8.92,0.51,,,305,Very Poor
Brajrajnagar,11/9/2018,92.79,146,15.77,22.49,27.78,13.6,0.61,13.33,15.05,0.69,,,279,Poor
Brajrajnagar,11/10/2018,102.24,155.04,15.63,24.57,41.39,14.29,0.7,13.28,9.18,0.88,,,213,Poor
Brajrajnagar,11/11/2018,101.38,145.63,19.53,25.77,35.7,13.05,0.79,13.44,9.73,1.02,,,231,Poor
Brajrajnagar,11/12/2018,93.46,141.34,22.49,23.48,38.7,12.58,0.85,14.05,7.59,1.2,,,222,Poor
Brajrajnagar,11/13/2018,92.06,143.86,24.7,23.18,34.2,11.97,0.85,13.31,7.22,0.88,,,194,Moderate
Brajrajnagar,11/14/2018,99.58,164.79,20.09,25.17,32.23,11.46,0.96,13.51,9.18,1.13,,,220,Poor
Brajrajnagar,11/15/2018,86.54,142.06,21.13,16.03,28.04,11.27,1.09,13.43,3.81,1.44,,,237,Poor
Brajrajnagar,11/16/2018,,,,,,,,,,,,,,
Brajrajnagar,11/17/2018,,,,,,,,,,,,,,
Brajrajnagar,11/18/2018,,,,,,,,,,,,,,
Brajrajnagar,11/19/2018,,,,,,,,,,,,,,
Brajrajnagar,11/20/2018,,,,,,,,,,,,,,
Brajrajnagar,11/21/2018,,,,,,,,,,,,,,
Brajrajnagar,11/22/2018,,,,,,,,,,,,,,
Brajrajnagar,11/23/2018,,,,,,,,,,,,,,
Brajrajnagar,11/24/2018,,,,,,,,,,,,,,
Brajrajnagar,11/25/2018,,,,,,,,,,,,,,
Brajrajnagar,11/26/2018,,,,,,,,,,,,,,
Brajrajnagar,11/27/2018,,,,,,,,,,,,,,
Brajrajnagar,11/28/2018,,,,,,,,,,,,,,
Brajrajnagar,11/29/2018,,,,,,,,,,,,,,
Brajrajnagar,11/30/2018,,,,,,,,,,,,,,
Brajrajnagar,12/1/2018,,,,,,,,,,,,,,
Brajrajnagar,12/2/2018,,,,,,,,,,,,,,
Brajrajnagar,12/3/2018,,,,,,,,,,,,,,
Brajrajnagar,12/4/2018,,,,,,,,,,,,,,
Brajrajnagar,12/5/2018,128.64,223.86,21.21,28,41.76,54.24,1.29,15.16,9.16,0,,,,
Brajrajnagar,12/6/2018,128.42,192.96,19.81,23.62,38.45,53.31,1.36,15.05,7.28,6.08,,,308,Very Poor
Brajrajnagar,12/7/2018,106.56,174.97,16.89,23.87,34.84,50.44,1.37,14.31,7.71,17.33,,,286,Poor
Brajrajnagar,12/8/2018,92.9,155.62,15.28,20.18,33.55,75.35,1.29,13.7,8.45,35.32,,,214,Poor
Brajrajnagar,12/9/2018,107.16,166.89,16.46,24.5,36.95,86.39,1.45,14.31,7.11,46.59,,,229,Poor
Brajrajnagar,12/10/2018,101.21,160.22,17.97,29.48,41.17,68.07,1.48,15.63,6.76,55.57,,,255,Poor
Brajrajnagar,12/11/2018,95.17,139.71,22.75,21.83,40.13,68.04,1.47,13.89,6.18,29.96,,,228,Poor
Brajrajnagar,12/12/2018,110.42,158.99,26.6,18.39,41.2,66.8,1.59,14.13,5.94,25.07,,,235,Poor
Brajrajnagar,12/13/2018,119.8,174.11,23.3,16.98,37.49,46.7,1.57,14.26,4.37,27.33,,,284,Poor
Brajrajnagar,12/14/2018,119.32,179.41,23.24,17.39,36.55,53.39,1.66,14.16,5.71,26.91,,,306,Very Poor
Brajrajnagar,12/15/2018,88.44,151.27,17.58,18.32,32.59,48.19,1.4,13.53,7.16,14.54,,,233,Poor
Brajrajnagar,12/16/2018,63.54,99.01,13.15,16.44,27.25,46.91,1.27,12.87,8.05,19.65,,,158,Moderate
Brajrajnagar,12/17/2018,37.47,50.51,8.89,12.82,18.6,46.53,1.21,12.9,7.78,12.44,,,94,Satisfactory
Brajrajnagar,12/18/2018,36.58,47.74,13.86,10.97,22.92,45.58,1.2,12.85,7.04,8.73,,,63,Satisfactory
Brajrajnagar,12/19/2018,87.16,123.32,34.06,11.31,43.06,45.3,1.5,13.48,5.18,13.15,,,111,Moderate
Brajrajnagar,12/20/2018,86.88,140.22,25.98,17.27,36.79,46.29,1.52,13.38,5.38,18.51,,,177,Moderate
Brajrajnagar,12/21/2018,102.7,176.7,26.75,18.41,40.47,41.28,1.54,13.76,6.14,16.14,,,228,Poor
Brajrajnagar,12/22/2018,91.97,155.4,24.47,16.85,37.9,47.86,1.5,13.48,5.93,14.76,,,224,Poor
Brajrajnagar,12/23/2018,62.66,110.94,31.2,19.9,34.6,33.79,1.51,13.89,5.68,14.71,,,192,Moderate
Brajrajnagar,12/24/2018,79.99,145.42,21.01,23.07,38.21,43.89,2.25,14.08,7.09,19.03,,,119,Moderate
Brajrajnagar,12/25/2018,104.88,179.97,30.26,22.17,47.69,45.27,2.27,13.95,6.01,16.81,,,227,Poor
Brajrajnagar,12/26/2018,105.37,185.94,28.88,23.12,44.14,44.23,2.36,13.92,5.94,14.02,,,240,Poor
Brajrajnagar,12/27/2018,92.57,157.2,27.42,21.17,45.81,40.39,2.4,13.81,6.5,13.17,,,238,Poor
Brajrajnagar,12/28/2018,65.79,111.43,16.09,25.65,34.56,51.14,2.3,13.59,7.55,10.17,,,178,Moderate
Brajrajnagar,12/29/2018,87.11,154.42,17.82,24.13,38.96,43.57,2.47,13.66,9.49,12.78,,,132,Moderate
Brajrajnagar,12/30/2018,91.29,154.7,20.43,24.46,40.71,47.48,2.46,13.88,8.52,12.15,,,200,Moderate
Brajrajnagar,12/31/2018,113.28,187.85,23.93,26.53,45.54,62.13,2.7,14.5,7.55,17.54,,,236,Poor
Brajrajnagar,1/1/2019,122.13,193,22.92,23.24,45.11,59.95,2.82,14.38,8.11,14.94,,,297,Poor
Brajrajnagar,1/2/2019,134.63,204.6,19.33,24.44,43.58,47.97,2.93,16.19,7.94,15.13,,,297,Poor
Brajrajnagar,1/3/2019,144.01,212.12,19.49,28.77,43.34,50.6,3,15.81,8.42,16.37,,,323,Very Poor
Brajrajnagar,1/4/2019,114.33,200.21,23.74,25.85,43.45,53.25,2.82,15.05,7.91,12.76,,,297,Poor
Brajrajnagar,1/5/2019,111.2,182.96,23.49,28.05,47.47,65.87,2.89,15.69,6.65,12.08,,,269,Poor
Brajrajnagar,1/6/2019,111.65,168.12,20.24,29.41,43.59,84.16,3,16.07,7.24,12.11,,,286,Poor
Brajrajnagar,1/7/2019,115.3,175.98,17.55,28.26,40.47,62.08,3.04,15.34,7.3,12.01,,,278,Poor
Brajrajnagar,1/8/2019,120.05,170.37,14.69,23.73,34.61,42.75,3.02,15.05,8.18,10.29,,,303,Very Poor
Brajrajnagar,1/9/2019,115.84,162.16,13.46,23.55,32.74,42.79,3.03,14.86,6.98,11.68,,,284,Poor
Brajrajnagar,1/10/2019,107.48,170.41,18.88,26.1,38.12,53.42,2.88,14.78,7.42,5.43,,,248,Poor
Brajrajnagar,1/11/2019,129.34,199.63,19.92,26.6,43.04,47.04,3,15.67,7.77,0.1,,,267,Poor
Brajrajnagar,1/12/2019,144.95,224.11,22.13,32.79,49.01,42.17,3.21,17.73,7.27,0,,,316,Very Poor
Brajrajnagar,1/13/2019,157.16,225.75,19.34,27.88,43.45,51.35,3.19,17.69,10.11,0,,,329,Very Poor
Brajrajnagar,1/14/2019,158.4,230.38,19.84,26.74,40.66,38.75,3.31,16.54,7.91,0,,,334,Very Poor
Brajrajnagar,1/15/2019,101.16,164.46,15.93,25.7,37.58,40.1,2.96,15.77,8.69,0,,,295,Poor
Brajrajnagar,1/16/2019,97.91,166.85,21.4,32,45.64,36.76,3,18.08,8.76,0,,,212,Poor
Brajrajnagar,1/17/2019,130.42,216.35,21.45,28.35,46.25,43.46,3.14,17.84,9.94,0,,,240,Poor
Brajrajnagar,1/18/2019,131.1,216.29,21.82,31.39,47.63,58.18,3.25,16.63,7.99,0,,,319,Very Poor
Brajrajnagar,1/19/2019,100.96,175.79,20.07,28.87,43.13,58.95,3.14,16.29,8.08,0,,,266,Poor
Brajrajnagar,1/20/2019,103.75,170.98,22.29,25.11,44.53,44.08,3.22,16.09,7.4,0,,,241,Poor
Brajrajnagar,1/21/2019,111.26,185.23,21.49,28.07,45.14,42.84,3.28,16.85,7.24,0,,,250,Poor
Brajrajnagar,1/22/2019,118.98,195.88,26.6,30.29,49.1,43.36,3.41,17.2,8.82,0,,,301,Very Poor
Brajrajnagar,1/23/2019,111.07,184.91,29.9,25.19,50.44,79.99,3.26,17.1,9.17,0,,,280,Poor
Brajrajnagar,1/24/2019,131.46,214.98,42,26.08,58.49,66.53,3.04,16.68,6.42,0,,,295,Poor
Brajrajnagar,1/25/2019,78.32,131.06,21.48,23.19,37.38,45.27,3.19,15.71,6.86,0,,,270,Poor
Brajrajnagar,1/26/2019,53.22,72.18,11.81,18.37,27.14,41.3,3.01,14.57,6.87,0,,,126,Moderate
Brajrajnagar,1/27/2019,68.67,96.01,14.25,17.68,28.38,43.88,2.91,14.64,6.05,0,,,115,Moderate
Brajrajnagar,1/28/2019,93.22,143.45,27.83,15.64,41.44,44.76,3.2,14.62,5.2,0,,,199,Moderate
Brajrajnagar,1/29/2019,63.39,105.7,16.21,23.57,34.04,42.4,3.05,14.76,6.52,0,,,174,Moderate
Brajrajnagar,1/30/2019,95.81,169.49,24.2,23.45,45.2,40.63,3.12,15.49,6.86,0,,,128,Moderate
Brajrajnagar,1/31/2019,75.25,138.91,22.38,25.97,45.49,42.71,3.12,16.66,9.56,0,,,220,Poor
Brajrajnagar,2/1/2019,109.4,181.71,19.12,26.9,42.16,54.05,3.41,16.72,7.96,0,,,186,Moderate
Brajrajnagar,2/2/2019,112.37,185.58,22.66,28.08,41.22,88.66,3.4,15.83,6.6,0,,,283,Poor
Brajrajnagar,2/3/2019,108.57,180.8,23.45,27.22,44.82,97.03,3.46,16.13,9.01,0,,,275,Poor
Brajrajnagar,2/4/2019,103.6,181.73,18.82,26.51,41.42,76.88,3.38,16.28,10.05,0,,,246,Poor
Brajrajnagar,2/5/2019,112.37,190.29,15.79,28.31,38.73,34.35,3.57,16.15,10.62,0,,,268,Poor
Brajrajnagar,2/6/2019,128.36,221.16,20.04,28.41,45.15,42.57,3.48,16.6,11.94,0,,,293,Poor
Brajrajnagar,2/7/2019,114.28,209.55,23.59,23.73,42.75,39.77,3.35,16.89,13.31,0,,,295,Poor
Brajrajnagar,2/8/2019,84.99,135.97,21.95,22.47,39.96,33.08,3.3,15.69,6.92,0,,,250,Poor
Brajrajnagar,2/9/2019,56.43,93.57,15.79,20.24,30.68,39.83,3.04,14.89,6.34,0,,,130,Moderate
Brajrajnagar,2/10/2019,66.92,143.42,19.28,22.18,37.74,36.63,3.06,14.66,7.99,0,,,118,Moderate
Brajrajnagar,2/11/2019,84.77,170.2,21.73,28.39,46.87,34.29,3.15,17.35,7.13,0,,,138,Moderate
Brajrajnagar,2/12/2019,99.22,181.46,24.3,25.67,46.17,29.06,3.41,16.81,10.63,0,,,226,Poor
Brajrajnagar,2/13/2019,137.43,226.56,22.52,26.94,46.83,34.25,3.55,17.93,9.55,0,,,275,Poor
Brajrajnagar,2/14/2019,158.01,259,23.58,30.09,45.53,32.76,3.53,17.95,10.05,0,,,324,Very Poor
Brajrajnagar,2/15/2019,90.34,151.27,14.32,24.95,32.4,31.5,3.32,18.04,11.68,0,,,302,Very Poor
Brajrajnagar,2/16/2019,45.7,73.79,12.92,18.43,25.9,32.11,3.03,16.22,10.34,0,,,131,Moderate
Brajrajnagar,2/17/2019,64.14,104.07,31.33,20.57,40.98,32.26,3.32,15.88,8.86,0,,,121,Moderate
Brajrajnagar,2/18/2019,73.28,130.16,16.92,24.75,34.74,36.82,3.23,16.33,16.2,0,,,,
Brajrajnagar,2/19/2019,99.7,200.58,24.62,23.85,44.39,38.51,3.27,16.92,9.92,0,,,168,Moderate
Brajrajnagar,2/20/2019,91.34,178.39,27.24,19.86,44.73,42.06,3.18,16.12,7.52,0,,,231,Poor
Brajrajnagar,2/21/2019,89.38,179.97,22.34,24.69,39.88,40.49,3.08,16.07,10.27,0,,,179,Moderate
Brajrajnagar,2/22/2019,122.22,214.29,25.69,22.72,43.86,47.36,3.37,16.56,13.14,0,,,284,Poor
Brajrajnagar,2/23/2019,82.11,152.68,19.65,19.58,35.33,38.59,3.16,15.47,9.65,0,,,219,Poor
Brajrajnagar,2/24/2019,89.27,161.18,18.82,19.72,34.99,41.07,3.02,16.13,9.42,0,,,156,Moderate
Brajrajnagar,2/25/2019,63.97,109.26,12.84,21.38,26.44,36.36,3,15.42,8.51,0,,,180,Moderate
Brajrajnagar,2/26/2019,66.18,106.57,18.8,16.82,31.93,41.48,2.91,15.91,6.45,0,,,115,Moderate
Brajrajnagar,2/27/2019,55.94,109.22,18.4,16.87,31.35,38.28,2.95,15.61,8.49,0,,,117,Moderate
Brajrajnagar,2/28/2019,52.12,114.31,17.63,18.47,30.4,43.34,2.76,14.34,6.88,0,,,113,Moderate
Brajrajnagar,3/1/2019,62.4,124.51,17.32,20.32,30.82,52.69,2.65,10.13,8.78,0,,,112,Moderate
Brajrajnagar,3/2/2019,94.98,173.6,18.76,22.36,34.41,45.64,2.87,4.11,8.91,0,,,152,Moderate
Brajrajnagar,3/3/2019,97.36,166.06,21.8,21.02,37.88,37.46,3.02,3.45,5.1,0,,,277,Poor
Brajrajnagar,3/4/2019,96.13,175.89,29.6,17.57,43.76,47.43,2.98,2.87,7.68,0,,,216,Poor
Brajrajnagar,3/5/2019,79.77,144.52,17.27,16.64,28.09,42.47,2.94,2.33,6.92,0,,,185,Moderate
Brajrajnagar,3/6/2019,64.82,125.25,11.15,16.64,24.35,64.58,2.76,4.89,10.01,0,,,133,Moderate
Brajrajnagar,3/7/2019,68.97,132.52,14.32,19.47,29.11,85.5,2.78,7.03,8.67,0,,,128,Moderate
Brajrajnagar,3/8/2019,76.1,145.91,17.04,23.71,34,88.02,2.76,7.42,10.58,0,,,135,Moderate
Brajrajnagar,3/9/2019,90.91,173.2,19.36,26.05,36.02,85.46,2.78,8.74,12.61,0,,,157,Moderate
Brajrajnagar,3/10/2019,104.21,214.24,27.06,25.04,45.85,89.78,2.98,8.33,10.8,0,,,261,Poor
Brajrajnagar,3/11/2019,92.27,182.18,20.12,24.62,37.73,70.45,2.82,7.54,10.01,0,,,191,Moderate
Brajrajnagar,3/12/2019,90.05,171.65,18.6,21.91,35.39,46.77,3,7.98,10.35,0,,,239,Poor
Brajrajnagar,3/13/2019,94.33,187.93,22.33,18.74,36.54,43.34,3.2,7.37,10.39,0,,,197,Moderate
Brajrajnagar,3/14/2019,64.14,121.46,17.2,16.91,29.38,52.54,2.92,7.23,10.42,0,,,189,Moderate
Brajrajnagar,3/15/2019,48.23,84.35,9.7,16.38,21.52,67.92,2.81,7.43,8.82,0,,,113,Moderate
Brajrajnagar,3/16/2019,82.61,151.14,12.99,15.82,25.51,42.63,2.81,7.71,6.92,0,,,116,Moderate
Brajrajnagar,3/17/2019,78.65,133.83,17.64,17.86,30,51.72,2.87,7.56,10.85,0,,,248,Poor
Brajrajnagar,3/18/2019,46.94,71.19,11.91,15.87,24.5,40.52,2.78,6.94,8.06,0,,,114,Moderate
Brajrajnagar,3/19/2019,74.06,118.82,18.63,16.33,29.66,51.75,2.84,7.7,9.26,0,,,118,Moderate
Brajrajnagar,3/20/2019,83.75,157.52,19.05,16.48,29.51,60.66,2.93,7.23,7.68,0,,,185,Moderate
Brajrajnagar,3/21/2019,53.78,79.64,9.14,16.79,20.29,40.96,2.66,7.19,15.17,0,,,124,Moderate
Brajrajnagar,3/22/2019,62.33,97.87,13.09,15.26,22.74,34.96,2.82,6.91,11.55,0,,,113,Moderate
Brajrajnagar,3/23/2019,71.83,118.77,12.16,17.06,24,39.39,2.76,6.85,11.53,0,,,116,Moderate
Brajrajnagar,3/24/2019,106.07,197.98,14.85,22.36,32.46,45.13,2.88,7.15,10.05,0,,,201,Poor
Brajrajnagar,3/25/2019,122.45,230.52,18.29,24.06,37.8,42.99,3.05,7.92,10.96,0,,,296,Poor
Brajrajnagar,3/26/2019,102.7,181.7,19.03,24.53,35.65,39.09,2.97,8.41,15.81,0,,,276,Poor
Brajrajnagar,3/27/2019,83.56,155.25,11.2,21.75,25.07,42.17,2.7,7.5,14.36,0,,,143,Moderate
Brajrajnagar,3/28/2019,83.68,171.41,14.03,20.75,31.27,41.95,2.86,7.07,16.78,0,,,236,Poor
Brajrajnagar,3/29/2019,116.02,219.56,17.45,27.08,38.58,35.46,3.11,8.19,18.46,0,,,248,Poor
Brajrajnagar,3/30/2019,119.74,217.75,19.87,25.26,38.51,34.89,3.14,9.51,15.81,0,,,284,Poor
Brajrajnagar,3/31/2019,112.65,217.1,18.43,19.73,35.38,36.47,3.18,8.91,20.16,0,,,290,Poor
Brajrajnagar,4/1/2019,78.38,138.53,11.15,21.07,26.1,40.46,2.88,8.53,19.62,0,,,190,Moderate
Brajrajnagar,4/2/2019,89.29,166.03,14.83,23.94,32.68,37.9,3.01,7.73,11.09,0,,,193,Moderate
Brajrajnagar,4/3/2019,123.03,215.27,16.18,24.73,36,39.56,3.18,9.28,18.31,0,,,268,Poor
Brajrajnagar,4/4/2019,130.81,226.76,18.54,23.77,36.1,64.59,3.25,9.57,20.76,0,,,307,Very Poor
Brajrajnagar,4/5/2019,,,,,,,,,,,,,305,Very Poor
Brajrajnagar,4/6/2019,,3.97,,,0,,0,,,0,,,,
Brajrajnagar,4/7/2019,,,,,,,,,,,,,,
Brajrajnagar,4/8/2019,,,,,,,,,,,,,,
Brajrajnagar,4/9/2019,,,,,,,,,,,,,,
Brajrajnagar,4/10/2019,,,,,,,,,,,,,,
Brajrajnagar,4/11/2019,30.06,107.91,17.81,23.7,32.56,56.28,2.4,7.58,12.15,0,,,,
Brajrajnagar,4/12/2019,76.89,175.54,19.64,18.33,34.43,64.57,2.54,7.51,12.61,0,,,155,Moderate
Brajrajnagar,4/13/2019,72.91,152.94,12.92,19.06,27.96,102.72,2.21,7.43,16.54,0,,,131,Moderate
Brajrajnagar,4/14/2019,87.47,175.76,12.79,21.66,28.67,85.21,2.49,7.77,18.37,0,,,187,Moderate
Brajrajnagar,4/15/2019,131.29,258.62,21.18,25.89,43.97,78.67,2.92,9.85,8.91,0,,,247,Poor
Brajrajnagar,4/16/2019,,,,,,,,,,,,,,
Brajrajnagar,4/17/2019,,,,,,,,,,,,,,
Brajrajnagar,4/18/2019,,,,,,,,,,,,,,
Brajrajnagar,4/19/2019,,47.44,20.04,14.18,30.77,47.4,2.5,7.9,16.41,0,,,,
Brajrajnagar,4/20/2019,33,54.8,16.3,16.05,27.15,30.66,2.38,7.62,8.4,0,,,106,Moderate
Brajrajnagar,4/21/2019,,,,,,,,,,,,,,
Brajrajnagar,4/22/2019,,70.1,81.94,20.23,93.59,33.55,1.9,7.67,21.67,0,,,,
Brajrajnagar,4/23/2019,,,,,,,,,,,,,,
Brajrajnagar,4/24/2019,72.92,100,,,0,,0,,,0,,,,
Brajrajnagar,4/25/2019,57.72,116.42,22.12,24.28,20.03,55.52,1.03,8.18,16.32,0,,,109,Moderate
Brajrajnagar,4/26/2019,63.83,139.07,14.57,21.97,31.07,49.01,2.13,7.85,12.23,0,,,116,Moderate
Brajrajnagar,4/27/2019,90.77,198.92,12.81,24.17,31.33,60.61,2.22,7.16,11.69,0,,,162,Moderate
Brajrajnagar,4/28/2019,95.05,216.03,13.36,24.32,31.41,74.68,2.36,7.1,13.64,0,,,210,Poor
Brajrajnagar,4/29/2019,123.52,261.52,31.34,28.24,52.66,89.8,2.56,9.27,6.94,0,,,255,Poor
Brajrajnagar,4/30/2019,25.63,70.82,27.14,16.61,19.94,60.71,1.48,7.97,20.53,0,,,108,Moderate
Brajrajnagar,5/1/2019,23.37,53.69,7.97,17.37,17.98,80.64,2.22,6.39,10.1,0,,,106,Moderate
Brajrajnagar,5/2/2019,10.79,42.33,12.66,13.59,21.32,64.38,2.18,7.26,7.45,0,,,105,Moderate
Brajrajnagar,5/3/2019,12.49,32.55,11.5,9.98,15.61,75.93,2.02,5.78,6.34,0,,,,
Brajrajnagar,5/4/2019,,84.88,12.97,15.39,19.69,93.03,2.19,6.54,10.88,0,,,109,Moderate
Brajrajnagar,5/5/2019,13.62,28.94,,,0,,0,,,0,,,99,Satisfactory
Brajrajnagar,5/6/2019,65.73,101.48,,,0,,0,,,0,,,,
Brajrajnagar,5/7/2019,76.68,160.24,,,0,,0,,,0,,,172,Moderate
Brajrajnagar,5/8/2019,83.95,192.46,,,0,,0,,,0,,,161,Moderate
Brajrajnagar,5/9/2019,77.54,188.21,18.71,27.54,20.44,77.06,1.41,6.61,23.56,0,,,192,Moderate
Brajrajnagar,5/10/2019,117.28,198.78,43.28,26.85,26.43,107.84,1.08,6.75,5.08,0,,,154,Moderate
Brajrajnagar,5/11/2019,67.45,191.22,,,0,,0,,,0,,,224,Poor
Brajrajnagar,5/12/2019,59.41,120.36,34.67,22.14,25.26,54.54,1.53,7.2,28.22,0,,,130,Moderate
Brajrajnagar,5/13/2019,61.29,133.85,17.94,20.97,32.42,43.44,2.88,6.7,21.74,0,,,117,Moderate
Brajrajnagar,5/14/2019,47.47,122.49,17.58,22.48,13.74,34.93,1.19,6.58,11.4,0,,,120,Moderate
Brajrajnagar,5/15/2019,68.52,151.34,,,0,,0,,,0,,,121,Moderate
Brajrajnagar,5/16/2019,45.67,93.26,,,0,,0,,,0,,,117,Moderate
Brajrajnagar,5/17/2019,56.61,119.58,,,0,,0,,,0,,,84,Satisfactory
Brajrajnagar,5/18/2019,75.78,173.2,,,0,,0,,,0,,,157,Moderate
Brajrajnagar,5/19/2019,78.6,189.46,,,0,,0,,,0,,,143,Moderate
Brajrajnagar,5/20/2019,66.08,147.09,,,0,,0,,,0,,,172,Moderate
Brajrajnagar,5/21/2019,70.12,143.64,,,0,,0,,,0,,,114,Moderate
Brajrajnagar,5/22/2019,44.97,79.3,36.48,15.39,31.93,37.29,1.92,6.87,35.25,0,,,131,Moderate
Brajrajnagar,5/23/2019,45.14,90.69,24.81,21.23,23.27,28.21,1.92,7.85,33.42,0,,,114,Moderate
Brajrajnagar,5/24/2019,39.41,101.91,19.28,20.62,31.19,43.19,2.36,7.02,20.35,0,,,117,Moderate
Brajrajnagar,5/25/2019,44.87,146.4,7.75,23.41,24.03,38.61,3.17,6.85,19.72,0,,,124,Moderate
Brajrajnagar,5/26/2019,46.98,128.69,6.98,19.09,21.23,42.94,3.01,5.74,14.7,0,,,119,Moderate
Brajrajnagar,5/27/2019,58.45,138.62,9.09,20.3,25.04,41.92,3.17,7.38,17.3,0,,,136,Moderate
Brajrajnagar,5/28/2019,47.05,109.8,7.4,18.44,17.41,44.19,2.55,7.84,20.57,0,,,117,Moderate
Brajrajnagar,5/29/2019,36.04,69.37,0.75,3.01,0.1,1.56,0.02,2.41,,0,,,84,Satisfactory
Brajrajnagar,5/30/2019,34.15,96.5,9.35,19.74,9.99,42.33,1.43,8.34,41.24,0,,,,
Brajrajnagar,5/31/2019,40.9,80.06,10.66,18.4,9.09,45.55,1.48,7.32,23.83,0,,,114,Moderate
Brajrajnagar,6/1/2019,14.37,46.73,15.26,16.28,12.93,41.43,1.52,7.76,35.05,0,,,,
Brajrajnagar,6/2/2019,33.62,67.57,7.62,19.75,19.88,39.86,3.12,6.66,16.79,0,,,116,Moderate
Brajrajnagar,6/3/2019,,13.11,19.75,14.14,21.49,61.87,2.15,8.36,19.28,0,,,,
Brajrajnagar,6/4/2019,32.78,74.12,5.74,17.04,17.11,55.93,3.06,7.46,24.42,0,,,117,Moderate
Brajrajnagar,6/5/2019,51.53,110.34,5.5,23.39,12.97,41.06,2.17,7.39,21.96,0,,,117,Moderate
Brajrajnagar,6/6/2019,36.15,72.44,11,17.47,13.17,39.23,2.01,7.65,23.08,0,,,112,Moderate
Brajrajnagar,6/7/2019,26.6,77.51,15.62,16.16,27.33,36.09,2.92,6.7,14.34,0,,,115,Moderate
Brajrajnagar,6/8/2019,8.32,60.9,12.04,16.96,25.27,37.53,3.25,8.06,17.26,0,,,115,Moderate
Brajrajnagar,6/9/2019,48.94,101.94,13.2,14.56,6.25,40.24,0.89,6.55,3.53,0,,,107,Moderate
Brajrajnagar,6/10/2019,58.33,112.5,7.11,12.95,4.76,47.42,0.99,6.91,41.28,0,,,115,Moderate
Brajrajnagar,6/11/2019,52.66,139.95,6.43,18.81,20.88,38.31,3.16,6.98,39.35,0,,,,
Brajrajnagar,6/12/2019,26.52,60.92,23.07,14.67,20.22,39.73,1.36,7.6,30.39,0,,,105,Moderate
Brajrajnagar,6/13/2019,21.72,43.69,0.79,9.22,1.29,107.91,0.13,23.41,31.02,0.34,,,,
Brajrajnagar,6/14/2019,18.76,63.23,3.03,13.6,3.08,43.3,0.53,5.88,37.25,6.72,,,88,Satisfactory
Brajrajnagar,6/15/2019,20,49.38,16.77,10.29,7.77,40.64,0.57,5.09,39.25,4.51,,,91,Satisfactory
Brajrajnagar,6/16/2019,18.48,32.91,,,0,,0,,,1.34,,,94,Satisfactory
Brajrajnagar,6/17/2019,26.35,51.33,2.45,17.14,5.79,45.77,0.98,3.04,24.87,8.6,,,95,Satisfactory
Brajrajnagar,6/18/2019,29.42,61.09,7.25,12.38,16.27,29.81,1.81,3.98,11.32,5.53,,,97,Satisfactory
Brajrajnagar,6/19/2019,39.47,82.32,3.88,15.57,9.61,35.48,1.86,3.87,16.14,7.43,,,100,Satisfactory
Brajrajnagar,6/20/2019,28,53.35,1.75,14.19,8.83,29.71,1.4,3.49,13.64,9.21,,,94,Satisfactory
Brajrajnagar,6/21/2019,26.98,47.39,1.23,14.88,9.84,32.37,1.85,2.37,9.75,1.36,,,100,Satisfactory
Brajrajnagar,6/22/2019,43.88,61.27,1.84,12.2,7.76,28.07,1.91,2.3,9.45,5.1,,,101,Moderate
Brajrajnagar,6/23/2019,42.01,64.73,3.85,13.34,7.34,41.46,1.84,1.66,7.26,0,,,98,Satisfactory
Brajrajnagar,6/24/2019,41.34,80.82,3.91,13.5,11.8,32.12,1.91,3.01,11.11,13.58,,,101,Moderate
Brajrajnagar,6/25/2019,32.02,62.15,4.42,13.96,10.66,30.99,1.9,3.05,9.81,9.71,,,100,Satisfactory
Brajrajnagar,6/26/2019,24.51,54.19,7.94,15.9,12.49,39.04,1.42,2.57,14.78,5.29,,,95,Satisfactory
Brajrajnagar,6/27/2019,38.5,82.94,1.85,17.82,12.1,27.85,1.93,2.61,11.09,4.91,,,102,Moderate
Brajrajnagar,6/28/2019,29.03,48.97,1.06,12.44,6.09,33.67,1.35,2.09,17.69,4.62,,,100,Satisfactory
Brajrajnagar,6/29/2019,21.27,46.44,3.54,13.23,4.97,35.77,1.07,2.73,19.36,1.81,,,95,Satisfactory
Brajrajnagar,6/30/2019,18.41,29.91,26.78,8.11,26.93,28.25,1.98,2.04,8.04,0.77,,,102,Moderate
Brajrajnagar,7/1/2019,22.96,59.93,4.2,12.97,9.05,42.71,1.87,2.19,7.29,9.99,,,,
Brajrajnagar,7/2/2019,15.25,55.17,1.83,13.03,8.67,33.92,1.85,2.11,11.78,4.43,,,99,Satisfactory
Brajrajnagar,7/3/2019,15.74,30.03,2.45,11.52,6.9,23.06,1.88,1.9,12.39,2.33,,,99,Satisfactory
Brajrajnagar,7/4/2019,24.34,31.63,10.93,12.26,6.72,30.98,1.57,2.64,9.71,2.95,,,102,Moderate
Brajrajnagar,7/5/2019,5.08,12.24,4.56,12.55,7.2,39.22,1.59,2.15,7.07,4.56,,,,
Brajrajnagar,7/6/2019,12.09,17.01,1.6,11.29,7.64,40.55,1.88,1.96,8.48,4.48,,,100,Satisfactory
Brajrajnagar,7/7/2019,8.11,23.2,0.67,10.83,3.39,31.19,1.24,1.31,10.99,4.74,,,94,Satisfactory
Brajrajnagar,7/8/2019,18.49,33.36,1.49,17.95,5.12,43.58,1.04,1.85,10.79,3.96,,,66,Satisfactory
Brajrajnagar,7/9/2019,15.75,25.12,5.98,13.29,9.19,41.04,1.84,1.87,9.69,3.33,,,100,Satisfactory
Brajrajnagar,7/10/2019,19.59,45.95,1.96,15.31,7.76,35.84,1.8,1.74,10.21,1.08,,,,
Brajrajnagar,7/11/2019,23.11,55.16,2.26,12.06,8.65,39.82,1.87,2.16,8.4,2.05,,,98,Satisfactory
Brajrajnagar,7/12/2019,24.81,61.14,4.74,12.62,11.68,46.84,1.85,2.71,7.52,1.49,,,101,Moderate
Brajrajnagar,7/13/2019,33.21,81.2,5.29,12.05,12.76,28.92,1.97,3.13,7.5,2.13,,,102,Moderate
Brajrajnagar,7/14/2019,22.63,54.23,10.51,11.22,16.17,32.5,1.85,2.3,9.16,2.31,,,99,Satisfactory
Brajrajnagar,7/15/2019,18.88,69.94,5.24,11.43,12.46,36.06,1.81,2.88,10.18,1.56,,,98,Satisfactory
Brajrajnagar,7/16/2019,38.78,87.74,7.77,9.48,13.25,42.53,1.92,4.2,7.39,1.71,,,102,Moderate
Brajrajnagar,7/17/2019,31.14,72.59,9.44,11.45,14.21,62.99,1.78,2.57,8.11,2.56,,,98,Satisfactory
Brajrajnagar,7/18/2019,32.95,64.37,9.06,11.95,9.93,60.08,1.46,2.58,6.72,1.52,,,98,Satisfactory
Brajrajnagar,7/19/2019,25.71,60.58,6.45,11.38,6.27,58.23,1.02,3.14,8.53,1.76,,,80,Satisfactory
Brajrajnagar,7/20/2019,27.82,51.68,9.12,12.17,17.2,53.88,1.81,5.67,5.58,1.33,,,97,Satisfactory
Brajrajnagar,7/21/2019,24.73,56.46,11.59,8.74,7.44,34.8,0.88,3.16,6.18,1.17,,,93,Satisfactory
Brajrajnagar,7/22/2019,20.24,53.62,3.2,10.32,5.99,81,0.95,3.9,9.97,0.58,,,94,Satisfactory
Brajrajnagar,7/23/2019,20.5,50.9,5.4,11.74,9.22,69.31,1.42,2.28,8.46,0,,,99,Satisfactory
Brajrajnagar,7/24/2019,16.9,35.71,6.6,11.57,8.05,77.62,1.24,1.26,10.77,0,,,84,Satisfactory
Brajrajnagar,7/25/2019,21.23,31.73,5.88,7.52,10.99,59.27,1.79,1.41,6.22,0,,,98,Satisfactory
Brajrajnagar,7/26/2019,16.79,33.38,12.03,12.58,17.88,68.25,1.86,1.96,6.72,0,,,99,Satisfactory
Brajrajnagar,7/27/2019,18.61,25.47,5.6,11.4,4.89,66.61,0.91,1.41,4.54,0,,,95,Satisfactory
Brajrajnagar,7/28/2019,28.1,41.48,,,0,,0,,,0,,,35,Good
Brajrajnagar,7/29/2019,11.49,17.06,2.79,8.03,4.57,76.64,0.94,1.2,8.06,0,,,71,Satisfactory
Brajrajnagar,7/30/2019,11.72,16.88,1.01,8.65,4.05,85.38,1.75,1.29,7.27,0,,,96,Satisfactory
Brajrajnagar,7/31/2019,11.3,18.72,3.64,8.23,5.87,77.32,1.85,1.07,5.28,0,,,99,Satisfactory
Brajrajnagar,8/1/2019,15.83,22.93,4.82,8.21,9.41,73.54,1.98,1.46,3.8,0,,,103,Moderate
Brajrajnagar,8/2/2019,17.03,21.22,4.61,6.32,7.79,70.76,1.82,1.95,5.94,0,,,100,Satisfactory
Brajrajnagar,8/3/2019,11.68,21.99,4.3,6.54,7.56,61.12,1.91,1.47,4.5,0,,,100,Satisfactory
Brajrajnagar,8/4/2019,9.51,18.82,5.28,10.73,6.95,76.43,1.78,1.08,4.09,0,,,96,Satisfactory
Brajrajnagar,8/5/2019,,,,,,,,,,,,,,
Brajrajnagar,8/6/2019,14.82,22.61,7.75,7.35,13.18,96.75,2,2.24,4.21,0,,,,
Brajrajnagar,8/7/2019,9.9,23.73,7.14,7.87,9.29,194.46,1.85,1.26,4.45,0,,,101,Moderate
Brajrajnagar,8/8/2019,,15.62,16.67,5.79,9.56,78.87,0.8,3.02,9.15,0,,,,
Brajrajnagar,8/9/2019,2.54,,2.23,11.17,6.65,71.51,1.82,3.71,7.41,0,,,,
Brajrajnagar,8/10/2019,36.02,,5.48,8.93,11.27,58.58,2.04,2.02,4.63,0,,,,
Brajrajnagar,8/11/2019,35.2,,6.37,12.75,10.81,62.68,2.03,2.17,4.14,0,,,,
Brajrajnagar,8/12/2019,,,12.22,13.44,5,68.78,0.88,1.94,3.82,0,,,,
Brajrajnagar,8/13/2019,13.05,18.03,14.66,8.4,18.29,63.01,1.95,2.84,5.75,0,,,,
Brajrajnagar,8/14/2019,8.93,14.62,4.07,6.99,8.11,34.44,1.86,2.89,6.6,0,,,,
Brajrajnagar,8/15/2019,26.93,68.24,14.33,9,18.1,35.27,2.05,3.63,7.55,0,,,103,Moderate
Brajrajnagar,8/16/2019,28.16,65.76,5.34,7.5,8.36,44.61,1.54,5.26,4.34,0,,,103,Moderate
Brajrajnagar,8/17/2019,43.12,108.51,8.62,8.02,14.5,41.14,2,6.15,5.27,0,,,102,Moderate
Brajrajnagar,8/18/2019,23.19,53.79,14.01,9.02,19.48,57.49,1.97,6.14,3.46,0,,,107,Moderate
Brajrajnagar,8/19/2019,20.65,41.49,6.59,9.35,10.81,54.09,1.49,6.88,5.15,0,,,,
Brajrajnagar,8/20/2019,12.39,27.67,10.11,11.89,17.63,35.91,1.73,7.8,7.7,0,,,,
Brajrajnagar,8/21/2019,32.15,63.23,3.4,11.04,10.09,37.82,1.96,8.44,6.27,0,,,100,Satisfactory
Brajrajnagar,8/22/2019,39.35,68.75,3.96,9.97,7.56,45.64,1.83,9.04,6.69,0,,,101,Moderate
Brajrajnagar,8/23/2019,22.73,29.55,13.89,8.68,5,27.3,1.7,6.44,5.64,0,,,,
Brajrajnagar,8/24/2019,32.21,52.24,1.65,7.26,4.76,33.07,1.92,6.42,4.36,0,,,102,Moderate
Brajrajnagar,8/25/2019,37.79,56.15,3.82,9.04,5.16,39.33,1.92,7.06,5.52,0,,,102,Moderate
Brajrajnagar,8/26/2019,21.99,42.74,4,11,7.14,36.14,1.95,7.06,5.8,1.83,,,102,Moderate
Brajrajnagar,8/27/2019,34.35,60.67,15.24,10.09,14.49,36.61,2.02,7.69,4.5,2.92,,,102,Moderate
Brajrajnagar,8/28/2019,30.32,68.46,4.8,12.19,7.85,30.97,2,7.15,6.12,2.69,,,102,Moderate
Brajrajnagar,8/29/2019,35.6,76.5,3.07,10.28,7.15,33.42,1.96,6.91,5.35,1.63,,,103,Moderate
Brajrajnagar,8/30/2019,29.62,65.62,8.98,10.32,1.73,36.08,0.27,5.64,4.45,2.58,,,100,Satisfactory
Brajrajnagar,8/31/2019,45.24,91.89,,,0,,0,,,0.53,,,81,Satisfactory
Brajrajnagar,9/1/2019,33.73,79.79,3.79,11.29,6.08,27,1.11,8.32,7.01,2.41,,,97,Satisfactory
Brajrajnagar,9/2/2019,17.73,49.02,1.9,10.64,2.56,37.06,1.42,6.38,5.88,1.99,,,102,Moderate
Brajrajnagar,9/3/2019,25.45,56.18,,,0,,0,,,1.44,,,51,Satisfactory
Brajrajnagar,9/4/2019,31.95,64.37,3.49,8.07,4.12,14.25,1.05,11.05,6.6,2.22,,,81,Satisfactory
Brajrajnagar,9/5/2019,17.5,28.45,3.32,6.65,6.06,13.26,1.93,10.54,4.78,0,,,101,Moderate
Brajrajnagar,9/6/2019,20.52,30.46,4.38,6.16,6.08,40.63,1.92,9.56,5.22,0,,,102,Moderate
Brajrajnagar,9/7/2019,15.34,24.82,4.92,8.23,7.3,19.31,1.97,9.58,4,0,,,101,Moderate
Brajrajnagar,9/8/2019,18.58,28.07,1.16,14.09,1.14,10.75,0.62,9.23,4.18,0,,,70,Satisfactory
Brajrajnagar,9/9/2019,21.44,35.1,4.88,10.22,6.3,21.06,1.04,24.97,5.46,0,,,69,Satisfactory
Brajrajnagar,9/10/2019,16.98,36.49,3.6,11.43,8.46,19.29,1.95,11.01,5.19,0,,,102,Moderate
Brajrajnagar,9/11/2019,25.9,40.09,7.81,14.16,10.14,21.31,1.87,9.07,4.52,0,,,102,Moderate
Brajrajnagar,9/12/2019,33.44,39.6,4.54,10.69,7.05,28.09,1.69,15.72,5.96,2.38,,,97,Satisfactory
Brajrajnagar,9/13/2019,19.52,33.04,3.97,11.98,7.54,28.65,1.91,9.14,5.74,2.99,,,100,Satisfactory
Brajrajnagar,9/14/2019,27.59,56.59,6.23,11.07,9.89,44.38,1.92,8.95,4.45,1.16,,,102,Moderate
Brajrajnagar,9/15/2019,33.54,79.84,10.64,4.44,10.8,24.75,1.51,8.64,4.74,2.14,,,101,Moderate
Brajrajnagar,9/16/2019,33.37,77.66,10.41,11.01,11.45,19.32,1.72,8.46,5.01,3.47,,,102,Moderate
Brajrajnagar,9/17/2019,37.4,78.65,6.86,8.67,12.03,28.76,2,8.09,3.94,0.8,,,103,Moderate
Brajrajnagar,9/18/2019,32.19,60.92,11.95,7.12,15.97,43.87,1.98,9.08,3.75,0,,,102,Moderate
Brajrajnagar,9/19/2019,15.64,40.1,7.09,5.24,10.44,23.64,1.95,9.55,5.29,0,,,102,Moderate
Brajrajnagar,9/20/2019,22.3,68.21,7.67,10.74,9.9,17.66,1.99,9.46,4.15,0.47,,,102,Moderate
Brajrajnagar,9/21/2019,34.26,78.19,8.39,11.38,12.63,14.62,2.04,10.41,4.84,1.37,,,104,Moderate
Brajrajnagar,9/22/2019,35.88,83.06,6.86,8.73,7.96,34.4,1.84,8.76,4.26,0.28,,,103,Moderate
Brajrajnagar,9/23/2019,23.5,52.79,4.05,9.36,4.6,56.25,1.5,8.21,5.41,0,,,102,Moderate
Brajrajnagar,9/24/2019,13.3,39.83,,,0,,0,,,0.4,,,49,Good
Brajrajnagar,9/25/2019,19.4,38.72,6.75,4.85,5.71,24.06,1.24,8.77,4.05,0.11,,,91,Satisfactory
Brajrajnagar,9/26/2019,16.66,33.48,5.66,6.28,7.84,35.82,1.91,8.67,3.75,0,,,101,Moderate
Brajrajnagar,9/27/2019,15.27,30.81,7.74,5.87,9.85,17.85,2.01,9.07,3.71,0,,,102,Moderate
Brajrajnagar,9/28/2019,14.78,32.14,3.87,8.3,6.66,24.25,2.02,9.04,3.78,0.12,,,103,Moderate
Brajrajnagar,9/29/2019,16.93,27.1,12.88,13.28,13.6,42.83,1.9,9.56,5.1,0,,,102,Moderate
Brajrajnagar,9/30/2019,26.05,39.9,4.19,8.81,7.52,17.04,2.14,9.2,4.98,1.68,,,103,Moderate
Brajrajnagar,10/1/2019,32.16,96.99,6.9,8.45,10.88,13.64,2.17,9.12,4.86,1.27,,,104,Moderate
Brajrajnagar,10/2/2019,28.96,66.56,3.88,15.17,7.4,39.16,2.07,9.24,4.96,1.28,,,104,Moderate
Brajrajnagar,10/3/2019,27.41,74.47,2.14,10.3,7.09,55.34,2.03,9.1,5.22,0,,,103,Moderate
Brajrajnagar,10/4/2019,51.42,120.96,4.96,7.69,10.95,14.18,2.23,9.67,5.59,3.77,,,98,Satisfactory
Brajrajnagar,10/5/2019,34.76,90.57,8.59,8.36,12.4,44.98,2.17,8.54,5.14,2.98,,,105,Moderate
Brajrajnagar,10/6/2019,30.55,61.86,8.17,7.86,9.76,48.7,2.06,8.36,5.55,0,,,104,Moderate
Brajrajnagar,10/7/2019,25.13,46.13,7.41,9.91,9.33,25.96,2.09,8.5,6.29,0.72,,,103,Moderate
Brajrajnagar,10/8/2019,25.41,45.92,2.74,8.59,6.44,32.57,1.68,8.64,4.26,0,,,103,Moderate
Brajrajnagar,10/9/2019,55,76.23,21.03,11.6,19.13,41.56,1.6,8.69,5.22,0.32,,,103,Moderate
Brajrajnagar,10/10/2019,26.48,63.49,,,0,,0,,,0.35,,,78,Satisfactory
Brajrajnagar,10/11/2019,32.77,72.72,3,11.04,4.46,35.05,1.1,9.77,6.51,1.52,,,90,Satisfactory
Brajrajnagar,10/12/2019,28.89,57.42,5.87,10.42,9.17,34.73,2.02,9.01,4.42,1.2,,,104,Moderate
Brajrajnagar,10/13/2019,30.73,71.59,9.19,6.99,10.86,16.16,2.07,8.85,5.29,0,,,103,Moderate
Brajrajnagar,10/14/2019,39.96,86.42,7.7,6.33,8.98,38.89,1.62,8.96,6.63,2.7,,,103,Moderate
Brajrajnagar,10/15/2019,61.88,127.82,8.05,14.13,7.53,25.72,1.06,9.14,5.49,2.15,,,106,Moderate
Brajrajnagar,10/16/2019,53.11,115.38,7.74,6.34,11.96,12.14,2.12,9.07,6.24,0.12,,,116,Moderate
Brajrajnagar,10/17/2019,54.85,122.37,8.98,8.46,12.45,64.1,2.16,9.24,4.7,1.04,,,110,Moderate
Brajrajnagar,10/18/2019,32.62,65.15,9.41,9.1,11.34,28.3,1.81,8.39,4.62,0.37,,,106,Moderate
Brajrajnagar,10/19/2019,35.99,73.18,7.53,12.77,12.7,24.03,2.11,8.87,4.4,0,,,104,Moderate
Brajrajnagar,10/20/2019,41.21,79.3,11.56,6.08,11.98,18.82,1.72,8.76,3.94,0,,,104,Moderate
Brajrajnagar,10/21/2019,20.53,37.45,4.48,9.73,9.76,36.91,2.16,8.88,4.78,0,,,104,Moderate
Brajrajnagar,10/22/2019,31.58,74.28,9.36,8.53,15.98,78.49,2.23,8.76,4.27,0,,,105,Moderate
Brajrajnagar,10/23/2019,32.15,60.91,8,11.54,13.11,44.52,2.17,8.79,4.23,0,,,105,Moderate
Brajrajnagar,10/24/2019,24.43,38.28,2.87,8.4,6.55,58.88,2.03,7.41,4.64,0,,,104,Moderate
Brajrajnagar,10/25/2019,23.14,30.81,2.01,7.08,4.99,75.86,2.04,7.02,4.89,0,,,104,Moderate
Brajrajnagar,10/26/2019,34.74,89.89,7.28,11.56,13.25,76.68,2.15,7.22,4.68,0,,,104,Moderate
Brajrajnagar,10/27/2019,29.75,60.55,13.41,5.35,13.24,86.49,1.88,8.68,3.75,0,,,103,Moderate
Brajrajnagar,10/28/2019,,,,,,,,,,,,,,
Brajrajnagar,10/29/2019,,,,,,,,,,,,,,
Brajrajnagar,10/30/2019,78.08,118.78,,,0,,0,,,0,,,,
Brajrajnagar,10/31/2019,89.91,183.8,11.49,12.82,13.86,66.31,1.61,9.41,6.66,0,,,,
Brajrajnagar,11/1/2019,84.24,175.43,13.08,10.87,19.33,92.17,2.31,9.14,4.24,0,,,179,Moderate
Brajrajnagar,11/2/2019,77.18,166.58,17.72,13.3,24.41,53.26,2.38,9.44,4.53,0,,,188,Moderate
Brajrajnagar,11/3/2019,83.03,175.1,13.46,6.59,14.74,16.78,2.13,9.85,5.57,0,,,146,Moderate
Brajrajnagar,11/4/2019,107.54,231.42,17.46,11.95,7.25,19.89,0.8,9.84,3.26,0,,,236,Poor
Brajrajnagar,11/5/2019,89.4,189.29,13.26,8.22,9.23,73.66,1.4,10.75,9.5,0.03,,,222,Poor
Brajrajnagar,11/6/2019,83.14,181.43,11.19,8.78,13.81,72.47,1.41,10.37,5.73,0.17,,,200,Moderate
Brajrajnagar,11/7/2019,81.1,177.97,16.43,14.19,22.13,63.28,0.52,10.27,5.33,0.56,,,174,Moderate
Brajrajnagar,11/8/2019,62.63,141.47,16.43,12.46,21.19,66.83,0.6,12.66,6.55,1.58,,,141,Moderate
Brajrajnagar,11/9/2019,38.64,109.84,12.82,11.79,21.22,95.05,0.63,13.9,5.57,0,,,122,Moderate
Brajrajnagar,11/10/2019,43.3,95.82,12.63,3.84,7.34,49.2,0.31,14.83,5.48,0,,,99,Satisfactory
Brajrajnagar,11/11/2019,42.37,109.49,17.88,18.7,19.25,58.82,0.47,16.54,8.78,0,,,102,Moderate
Brajrajnagar,11/12/2019,60.96,144.97,17.5,11.75,22.71,95.68,0.62,16.66,5.66,0,,,115,Moderate
Brajrajnagar,11/13/2019,57.49,133.85,21.67,13.4,26.17,78.69,0.64,16.25,8.23,0.6,,,126,Moderate
Brajrajnagar,11/14/2019,57.19,135.99,20.18,16.54,28.46,70.67,0.7,16.39,10.83,0.9,,,123,Moderate
Brajrajnagar,11/15/2019,58.09,130.12,22.04,20.33,30.93,44.48,0.74,16.09,13.46,1.87,,,125,Moderate
Brajrajnagar,11/16/2019,51.52,115.04,19.48,15.26,27.08,83.14,0.78,14.74,6.49,0.56,,,113,Moderate
Brajrajnagar,11/17/2019,79.1,162.45,26.7,13.89,18.16,53.02,0.39,14.44,9.05,2.28,,,126,Moderate
Brajrajnagar,11/18/2019,76.72,171.91,19.21,18.41,16.67,48.33,0.49,13.49,5.87,0,,,184,Moderate
Brajrajnagar,11/19/2019,50.88,132.67,16.82,13.95,23.82,46.11,0.87,13.49,7.45,0,,,133,Moderate
Brajrajnagar,11/20/2019,57.47,136.14,11.81,11.63,19.06,31.81,0.88,13.21,4.79,0,,,120,Moderate
Brajrajnagar,11/21/2019,69.64,148.15,12.57,10.03,18.76,29.51,0.89,12.73,4.75,0,,,131,Moderate
Brajrajnagar,11/22/2019,88.71,182.05,13.3,12.97,19.85,25.03,0.92,12.72,5,0,,,152,Moderate
Brajrajnagar,11/23/2019,86.71,175.56,15.97,9.92,22.56,51.87,0.96,12.71,5.92,0,,,211,Poor
Brajrajnagar,11/24/2019,66.14,118.67,14.01,6.85,17.41,60.72,0.97,11.92,5.16,0,,,156,Moderate
Brajrajnagar,11/25/2019,98.46,195.77,14.81,13.04,19.47,51.85,0.97,12.01,6.9,0,,,,
Brajrajnagar,11/26/2019,88.94,193.69,19.14,9.81,20.74,88,0.81,11.97,5.02,0,,,180,Moderate
Brajrajnagar,11/27/2019,47.74,158.7,18.24,11.19,23.64,76.09,1.02,11.32,5.95,0,,,185,Moderate
Brajrajnagar,11/28/2019,129.09,226.22,17.82,12.03,23.66,51.44,1.09,12.18,7.43,0.05,,,,
Brajrajnagar,11/29/2019,102.32,194.1,30.45,12.24,15.47,23.22,0.51,12.3,3.7,0,,,223,Poor
Brajrajnagar,11/30/2019,78.96,159.2,,,0,,0,,,0,,,201,Poor
Brajrajnagar,12/1/2019,70.08,136.96,,,0,,0,,,0,,,147,Moderate
Brajrajnagar,12/2/2019,63.24,136.41,16.09,14.98,15.21,102.21,0.65,9.94,5.09,0,,,126,Moderate
Brajrajnagar,12/3/2019,75.53,166.11,17.95,13.2,26.21,88.16,1.17,11.07,4.67,0,,,129,Moderate
Brajrajnagar,12/4/2019,64.22,129.06,17.08,14.92,25.29,74.24,1.13,11.69,5.21,83.81,,,155,Moderate
Brajrajnagar,12/5/2019,54.83,120.83,17.42,15.09,29.92,36.29,0.85,12.63,8.04,299.61,,,111,Moderate
Brajrajnagar,12/6/2019,62.64,137.13,17.11,22.34,29.82,57.61,0.77,12.14,6.07,43.22,,,120,Moderate
Brajrajnagar,12/7/2019,64.84,137.89,18.03,19.15,32.09,52.69,0.81,12.04,7.32,0,,,128,Moderate
Brajrajnagar,12/8/2019,68.89,138.53,28.56,9.13,15.28,34.63,0.41,10.7,3.58,0,,,128,Moderate
Brajrajnagar,12/9/2019,75.5,156.39,19.83,25.04,17.9,82.98,0.44,11.26,10.06,58.98,,,140,Moderate
Brajrajnagar,12/10/2019,82.35,173.7,29.29,21.61,40.7,61.29,0.91,11.96,5.07,0,,,151,Moderate
Brajrajnagar,12/11/2019,118.77,233.8,31.06,17.7,44.04,76.34,1.08,12.33,5.92,0,,,220,Poor
Brajrajnagar,12/12/2019,91.52,176.71,29.03,13.86,40.61,51.93,1.01,12.61,6.67,111.65,,,290,Poor
Brajrajnagar,12/13/2019,65.57,137.46,26.63,15.87,39.15,79.46,0.63,12.09,6.49,129.35,,,157,Moderate
Brajrajnagar,12/14/2019,61.59,126.98,25.94,15.01,24.78,44.01,0.4,11.53,8.49,0,,,118,Moderate
Brajrajnagar,12/15/2019,50.72,96.88,,,0,,0,,,0,,,118,Moderate
Brajrajnagar,12/16/2019,37.19,73.79,,,0,,0,,,0,,,73,Satisfactory
Brajrajnagar,12/17/2019,66.14,121.66,17.62,16.74,18.95,60.35,0.57,12.05,11.41,167.64,,,98,Satisfactory
Brajrajnagar,12/18/2019,43.22,88.08,17.83,22.37,27.57,55.66,0.6,11.58,7.36,279.17,,,109,Moderate
Brajrajnagar,12/19/2019,38.79,87.3,16.8,17.32,26.71,55.18,0.57,12.21,5.87,244.75,,,88,Satisfactory
Brajrajnagar,12/20/2019,62.63,130.65,28.36,23.22,23.27,81.84,0.46,8.27,37.97,177.1,,,98,Satisfactory
Brajrajnagar,12/21/2019,64.93,140.68,25.56,17.85,36.32,82.58,0.94,5.98,28.69,238.14,,,126,Moderate
Brajrajnagar,12/22/2019,55.2,118.5,27.17,23.61,35.4,57.47,0.82,5.22,35.47,24.46,,,125,Moderate
Brajrajnagar,12/23/2019,48.17,104.52,22.82,20.22,33.66,63.05,0.87,5.58,26.37,147.07,,,108,Moderate
Brajrajnagar,12/24/2019,90.37,184.5,26.75,20.31,42.7,57.85,1.07,7.26,24.75,99.43,,,123,Moderate
Brajrajnagar,12/25/2019,109.25,194.3,31.17,14.67,41.4,91.85,1.26,7.56,28.41,0,,,257,Poor
Brajrajnagar,12/26/2019,99.98,162.31,29.18,13.52,37.05,68.74,1.19,6.31,16.64,28.56,,,255,Poor
Brajrajnagar,12/27/2019,64.98,105.72,18.88,11.35,26.24,62.38,0.82,4.65,32.82,219.48,,,199,Moderate
Brajrajnagar,12/28/2019,39.99,83.28,20.77,23.88,31.31,66.72,0.64,3.94,35.13,87.76,,,91,Satisfactory
Brajrajnagar,12/29/2019,82.67,157.49,29.81,26.01,43.18,58.43,0.82,3.73,25.93,0,,,111,Moderate
Brajrajnagar,12/30/2019,66.67,133.61,24.67,21.09,38.42,37.18,0.97,4.36,27.86,0,,,171,Moderate
Brajrajnagar,12/31/2019,63.03,129.29,22.53,24.51,35.47,60.47,1.1,3.13,33.37,0,,,118,Moderate
Brajrajnagar,1/1/2020,42.75,81.36,17.53,18.45,27.64,54.21,1.19,2.86,40.09,0,,,114,Moderate
Brajrajnagar,1/2/2020,28.9,48.32,12.98,13.58,21.25,42.02,1.26,3.09,36.6,74.56,,,69,Satisfactory
Brajrajnagar,1/3/2020,34.82,51.35,16.6,15.66,23.74,43.59,1.33,3.35,30.32,8.14,,,70,Satisfactory
Brajrajnagar,1/4/2020,58.33,97.03,25.16,12.74,31.73,68.52,1.33,3.84,20.75,0,,,77,Satisfactory
Brajrajnagar,1/5/2020,67.62,129.98,32.76,9.65,41.22,67.9,1.45,3.08,25.55,0,,,128,Moderate
Brajrajnagar,1/6/2020,49.74,108.41,26.25,15.99,34.79,70.72,1.45,3.32,26.9,0,,,108,Moderate
Brajrajnagar,1/7/2020,68.28,140.98,29.12,21.59,43.48,59.3,1.48,4.94,23.88,0,,,115,Moderate
Brajrajnagar,1/8/2020,69.26,116.9,24.77,16.87,35.38,54.19,1.54,4.34,28.24,0,,,146,Moderate
Brajrajnagar,1/9/2020,76.66,108.79,22.1,10.8,29.92,40.28,1.52,4.14,24.27,0,,,112,Moderate
Brajrajnagar,1/10/2020,56.23,91.1,26.82,15.1,26.53,42.93,1.14,4.19,17.32,0,,,166,Moderate
Brajrajnagar,1/11/2020,,,21.2,17.58,31.41,40.89,1.69,3.88,33.43,0,,,,
Brajrajnagar,1/12/2020,,,24.97,19.02,36.85,42.34,1.71,4.11,30.9,0,,,,
Brajrajnagar,1/13/2020,,,31.97,19.98,45.99,63.24,1.74,5.59,25.16,0,,,,
Brajrajnagar,1/14/2020,125.88,263.62,31.39,23.2,43.61,77.03,1.29,5.63,38.55,53.94,,,,
Brajrajnagar,1/15/2020,115.69,209.26,30.02,26.74,45.4,106.47,0.82,8.53,26.83,4.94,,,296,Poor
Brajrajnagar,1/16/2020,108.99,195.21,27.88,20.64,38.24,85.38,0.84,6.95,35.7,1.98,,,285,Poor
Brajrajnagar,1/17/2020,101.29,189.61,25.28,25.34,43.24,73.69,0.86,6.45,28.69,0,,,250,Poor
Brajrajnagar,1/18/2020,83.82,184.33,26.56,15.4,36.36,62.42,0.85,6.23,27.36,1.68,,,188,Moderate
Brajrajnagar,1/19/2020,89.78,154.57,28.02,17,39.18,82.41,0.89,5.37,27.66,1.13,,,206,Poor
Brajrajnagar,1/20/2020,69.42,125.86,15.35,22.11,27.38,89.04,0.87,4.62,37.69,1.1,,,160,Moderate
Brajrajnagar,1/21/2020,83.39,158.93,28.64,31.01,37.68,82.8,0.87,5.69,24.53,0.32,,,146,Moderate
Brajrajnagar,1/22/2020,104.47,184.67,25.44,19.5,38.53,91.79,0.87,6.26,26.39,0,,,210,Poor
Brajrajnagar,1/23/2020,91.23,160.68,27.22,14.01,37.63,83.71,0.9,5.11,26.95,0,,,259,Poor
Brajrajnagar,1/24/2020,68.34,133.71,27.57,17.51,22.37,83.67,0.54,4.56,29.78,0,,,160,Moderate
Brajrajnagar,1/25/2020,61.65,134.25,,,0,,0,,,0,,,116,Moderate
Brajrajnagar,1/26/2020,60.24,126.56,,,0,,0,,,0,,,138,Moderate
Brajrajnagar,1/27/2020,70.6,145.59,22.81,22.61,17.64,43.44,0.39,4.98,41.49,0,,,112,Moderate
Brajrajnagar,1/28/2020,74.93,153.51,25.59,21.22,38.89,47.77,0.88,5.54,27.18,0,,,139,Moderate
Brajrajnagar,1/29/2020,78.91,143.98,25.39,13.72,36.33,42.98,0.89,4.77,26.71,0.89,,,189,Moderate
Brajrajnagar,1/30/2020,59.9,127.63,21.35,12.47,28.37,47.55,0.87,5.34,31.09,1.91,,,137,Moderate
Brajrajnagar,1/31/2020,55.53,114.45,12.49,21.69,23.91,43.41,0.89,4.05,34.77,1.17,,,103,Moderate
Brajrajnagar,2/1/2020,54.18,127.55,16.08,16.45,26.96,46.7,0.85,4.43,34.02,0,,,116,Moderate
Brajrajnagar,2/2/2020,52.62,99.77,10.55,20.67,21.78,62.71,0.89,3.77,43.07,0,,,119,Moderate
Brajrajnagar,2/3/2020,109.14,242.49,17.02,27.47,36.02,91.11,0.86,6.09,31.21,1.2,,,,
Brajrajnagar,2/4/2020,69.43,139.05,14.25,24.04,30.81,54.56,0.88,8.79,19.51,2.63,,,191,Moderate
Brajrajnagar,2/5/2020,65.97,117.63,12.51,17.13,21.63,65.64,0.84,8.81,24.26,0.51,,,118,Moderate
Brajrajnagar,2/6/2020,71.77,144.14,20.12,12.53,30.85,70.44,0.5,6.7,18.56,0.97,,,127,Moderate
Brajrajnagar,2/7/2020,52.91,106.4,13.49,15.17,23.33,58.31,0.01,4.45,23.6,0.65,,,126,Moderate
Brajrajnagar,2/8/2020,44.57,96.57,8.78,17.31,17.07,50.78,0.01,4.78,27.01,0,,,97,Satisfactory
Brajrajnagar,2/9/2020,57.83,126.56,13.07,16.09,22.88,34.57,0.01,4.67,42.22,0,,,98,Satisfactory
Brajrajnagar,2/10/2020,64.57,148.99,16.9,19.61,30.05,53.95,0.02,5.27,36.5,0.19,,,129,Moderate
Brajrajnagar,2/11/2020,84.2,187.19,19.24,19.31,35.49,84.27,0.04,5.21,40.03,0,,,155,Moderate
Brajrajnagar,2/12/2020,79.59,173.45,21.53,28.99,34.85,78.86,0.04,6.12,35.88,0.91,,,174,Moderate
Brajrajnagar,2/13/2020,78.7,184.84,21.65,27.35,40.68,52.49,0.05,6.66,32.06,3.52,,,177,Moderate
Brajrajnagar,2/14/2020,81.63,194.14,25.73,19.21,39.88,68.98,0.03,5.62,29.38,1.68,,,157,Moderate
Brajrajnagar,2/15/2020,69.93,153.82,18.85,26.35,32.78,72.85,0.01,4.27,35.56,3.78,,,162,Moderate
Brajrajnagar,2/16/2020,53.86,117.98,13.39,22.37,24.22,56.52,0.01,3.73,40.05,1.66,,,118,Moderate
Brajrajnagar,2/17/2020,62.05,144.59,14.81,23.73,27.39,72.84,0.02,4.49,34.47,0.85,,,119,Moderate
Brajrajnagar,2/18/2020,66.86,156.78,22.58,22.93,37.21,117.44,0.02,5.32,35.68,1.53,,,136,Moderate
Brajrajnagar,2/19/2020,79.45,184.8,18.97,28.87,42.25,80.09,0.04,11.05,29,1.08,,,141,Moderate
Brajrajnagar,2/20/2020,82.41,185.18,20.05,23.77,38.65,95.52,0.04,9.58,30.76,2.61,,,172,Moderate
Brajrajnagar,2/21/2020,70.64,152.08,18.54,20.87,33.35,50.76,0.05,5.77,34.49,0.89,,,168,Moderate
Brajrajnagar,2/22/2020,91.15,180.05,15.6,23.05,32.29,95.81,0.05,7.63,37.78,0,,,140,Moderate
Brajrajnagar,2/23/2020,76.21,163.07,13.64,21.41,27.06,71.07,0.05,6.54,43.29,0,,,233,Poor
Brajrajnagar,2/24/2020,66.04,186.21,9.16,16.9,18.96,78.53,0.05,3.5,28.73,0.79,,,,
Brajrajnagar,2/25/2020,33.53,45.85,8.7,14.46,15.45,85.95,0.05,4.48,33.81,0.47,,,82,Satisfactory
Brajrajnagar,2/26/2020,50.29,70.42,12.95,15.66,18.65,91.61,0.04,3.39,31.36,0,,,67,Satisfactory
Brajrajnagar,2/27/2020,55.53,91.46,10.38,19.35,18.99,75.76,0.03,2.69,37.23,0.55,,,108,Moderate
Brajrajnagar,2/28/2020,67.21,113.28,14.21,18.13,13.25,77.43,0.01,3.47,12.79,0.81,,,94,Satisfactory
Brajrajnagar,2/29/2020,84.52,144.52,,,0,,0,,,0,,,158,Moderate
Brajrajnagar,3/1/2020,94.73,128.97,,,0,,0,,,0,,,202,Poor
Brajrajnagar,3/2/2020,101.48,143.48,,,0,,0,,,0,,,229,Poor
Brajrajnagar,3/3/2020,74.94,100.99,6.7,20.74,7.82,78.26,0.03,8.69,52.39,0,,,199,Moderate
Brajrajnagar,3/4/2020,,53.24,7.99,18,18.45,99.3,0.05,5.82,45.15,0,,,83,Satisfactory
Brajrajnagar,3/5/2020,,32.15,9.74,17.88,20.37,98.3,0.04,4.57,32.64,0,,,60,Satisfactory
Brajrajnagar,3/6/2020,,35.92,18.95,17.94,24.29,69.7,0.03,3.6,26.53,0,,,46,Good
Brajrajnagar,3/7/2020,,32.85,10.19,12.39,14.11,85.27,0.01,3.1,30.47,0.42,,,51,Satisfactory
Brajrajnagar,3/8/2020,,40.63,17.5,8.87,8.99,113.55,0.01,2.56,23,0.67,,,44,Good
Brajrajnagar,3/9/2020,66.18,39.13,10.16,14.48,8.85,111.94,0.07,5.07,55.49,1.03,,,91,Satisfactory
Brajrajnagar,3/10/2020,25.66,25.78,14.65,18.54,21.54,85.45,0.26,3.82,31.53,1.09,,,66,Satisfactory
Brajrajnagar,3/11/2020,34.62,34.73,11.74,14.63,15.66,67.31,0.24,2.73,36.27,0.28,,,,
Brajrajnagar,3/12/2020,22.07,22.15,17.04,11.37,17.5,102.49,0.23,2.44,38.33,0.29,,,,
Brajrajnagar,3/13/2020,,,,,,,,,,,,,,
Brajrajnagar,3/14/2020,,,,,,,,,,,,,,
Brajrajnagar,3/15/2020,,,,,,,,,,,,,,
Brajrajnagar,3/16/2020,,,,,,,,,,,,,,
Brajrajnagar,3/17/2020,80.27,220.65,15.97,6.38,22.36,12.86,0.29,4.12,59.1,0.3,,,,
Brajrajnagar,3/18/2020,64.95,178.22,23.51,3.13,26.47,14.11,0.3,3.84,51.13,0.56,,,161,Moderate
Brajrajnagar,3/19/2020,57.92,132.86,25.4,4.77,29.44,16.6,0.3,4.08,45.05,0.45,,,141,Moderate
Brajrajnagar,3/20/2020,,,,,,,,,,,,,115,Moderate
Brajrajnagar,3/21/2020,,,,,,,,,,,,,,
Brajrajnagar,3/22/2020,,,,,,,,,,,,,,
Brajrajnagar,3/23/2020,,,,,,,,,,,,,,
Brajrajnagar,3/24/2020,92.5,221.48,14.29,5.65,19.95,11.34,0.3,5.21,68.11,0.22,,,,
Brajrajnagar,3/25/2020,72.91,192.52,20.75,4.66,23.33,12.56,0.3,4.25,50.83,0.25,,,169,Moderate
Brajrajnagar,3/26/2020,66.01,149.11,18.32,2.92,20.43,12.7,0.3,3.99,59.13,0.24,,,145,Moderate
Brajrajnagar,3/27/2020,83.66,202.56,40.59,3.5,43.41,13.55,0.3,5.02,57.24,0.2,,,156,Moderate
Brajrajnagar,3/28/2020,52.6,123.23,,,,58.05,0.29,4.03,64.35,0.12,,,139,Moderate
Brajrajnagar,3/29/2020,52.58,128.05,,,,58.31,0.29,3.65,55.02,0.13,,,128,Moderate
Brajrajnagar,3/30/2020,49.81,118.62,,,,58.66,0.28,4.26,65.48,0.11,,,129,Moderate
Brajrajnagar,3/31/2020,65.44,164.64,,,,58.15,0.28,4.92,60.83,0.13,,,128,Moderate
Brajrajnagar,4/1/2020,59.92,163.12,,,,53.85,0.28,4.65,73.85,0.12,,,148,Moderate
Brajrajnagar,4/2/2020,74.14,202.5,,,,56.37,0.29,4.14,53.76,0.24,,,160,Moderate
Brajrajnagar,4/3/2020,71.91,187.2,,,,62.53,0.3,3.8,63.94,0.22,,,158,Moderate
Brajrajnagar,4/4/2020,64.28,162.17,,,,61.98,0.31,4.28,72.79,0.21,,,164,Moderate
Brajrajnagar,4/5/2020,56.63,106.43,,,,60.19,0.3,4.29,97.06,0.07,,,139,Moderate
Brajrajnagar,4/6/2020,92.54,242.21,,,,60.71,0.3,4.3,46.65,0.23,,,129,Moderate
Brajrajnagar,4/7/2020,81.29,175.78,90.91,,0,61.88,0.31,4.64,59.52,0.28,,,,
Brajrajnagar,4/8/2020,51.22,93.4,288.55,,94.65,66.94,0.31,4.89,77.56,0.04,,,,
Brajrajnagar,4/9/2020,101.41,140.84,351.3,,227.8,57.4,0.41,5.74,33.27,0.06,,,,
Brajrajnagar,4/10/2020,90.45,149.84,136.08,,13.82,65.67,0.33,5.7,59.21,0.13,,,236,Poor
Brajrajnagar,4/11/2020,93.45,197.74,,,,58.77,0.33,5.26,73.03,0.15,,,222,Poor
Brajrajnagar,4/12/2020,86.2,187.5,,,0,72.26,0.34,5.55,38.92,0.15,,,206,Poor
Brajrajnagar,4/13/2020,76.67,198.38,,,0,,0.35,5.13,,0.14,,,176,Moderate
Brajrajnagar,4/14/2020,89.36,218.21,,,0,,0.35,4.94,,0.13,,,174,Moderate
Brajrajnagar,4/15/2020,76.63,183.91,,,0,,0.37,4.32,,0.19,,,201,Poor
Brajrajnagar,4/16/2020,61.41,142.43,,,0,,0.36,4.4,,0.06,,,126,Moderate
Brajrajnagar,4/17/2020,98.12,220.98,,,0,,0.38,4.32,,0.15,,,194,Moderate
Brajrajnagar,4/18/2020,77.66,168.5,,,0,,0.39,5.04,,0.1,,,207,Poor
Brajrajnagar,4/19/2020,55.82,121.54,,,0,,0.38,5.29,,0.05,,,120,Moderate
Brajrajnagar,4/20/2020,84.94,180.11,,,0,,0.39,4.52,,0.12,,,142,Moderate
Brajrajnagar,4/21/2020,33.32,75.64,,,0,,0.39,4.31,,0.07,,,122,Moderate
Brajrajnagar,4/22/2020,27.93,56.84,,,0,,0.38,4.96,,0.07,,,54,Satisfactory
Brajrajnagar,4/23/2020,38.58,83.38,,,0,,0.37,4.62,,0.06,,,78,Satisfactory
Brajrajnagar,4/24/2020,32.86,67.04,,,0,,0.36,4.26,,0.05,,,79,Satisfactory
Brajrajnagar,4/25/2020,42.81,113.41,,,0,,0.35,5.02,,0.06,,,,
Brajrajnagar,4/26/2020,18,42.35,,,0,,0.35,4.59,,0.05,,,55,Satisfactory
Brajrajnagar,4/27/2020,28.56,73.65,,,0,,0.34,4.31,,0.07,,,50,Good
Brajrajnagar,4/28/2020,36.72,84.46,,,0,,0.33,4.62,,0.07,,,75,Satisfactory
Brajrajnagar,4/29/2020,35.97,73.55,,,0,,0.33,4.02,,0.06,,,91,Satisfactory
Brajrajnagar,4/30/2020,53.76,101.91,,,0,,0.32,4.96,,0.07,,,80,Satisfactory
Brajrajnagar,5/1/2020,59.5,219.38,,,0,,0.31,5.55,,0.04,,,141,Moderate
Brajrajnagar,5/2/2020,,,,,,,,,,,,,158,Moderate
Brajrajnagar,5/3/2020,75.61,139.65,,,0,,0.46,,91.52,0.03,,,188,Moderate
Brajrajnagar,5/4/2020,31.59,106.58,,,0,,0.39,,56.28,0.05,,,138,Moderate
Brajrajnagar,5/5/2020,46.37,91.62,,,0,,0.38,,73.76,0.06,,,114,Moderate
Brajrajnagar,5/6/2020,42.05,87.03,,,0,,0.38,,79.3,0.08,,,133,Moderate
Brajrajnagar,5/7/2020,25.98,66.02,,,0,,0.38,,77.06,0.03,,,103,Moderate
Brajrajnagar,5/8/2020,32.29,74.65,,,0,,0.38,,63.56,0.05,,,93,Satisfactory
Brajrajnagar,5/9/2020,39.19,112.34,,,0,,0.38,,74.48,0.02,,,116,Moderate
Brajrajnagar,5/10/2020,44.57,102.28,,,0,,0.38,,51.06,0.03,,,117,Moderate
Brajrajnagar,5/11/2020,88.68,143.47,382.44,32.61,382.84,33.63,0.65,7.76,43.78,0.01,,,,
Brajrajnagar,5/12/2020,79.64,125.28,,,,54.47,0.42,5.21,51.27,0.07,,,,
Brajrajnagar,5/13/2020,73.38,121.42,304.26,34.21,302.78,45.43,0.49,6.9,57.06,0.03,,,,
Brajrajnagar,5/14/2020,70.23,120.96,390.68,,378.24,50.14,0.42,,85.82,0.05,,,178,Moderate
Brajrajnagar,5/15/2020,50.05,115.09,,,,50.03,0.37,,74.57,0.05,,,131,Moderate
Brajrajnagar,5/16/2020,48.78,128.87,267.71,,66.87,50.89,0.37,,76.56,0.06,,,134,Moderate
Brajrajnagar,5/17/2020,46.31,87.22,,,,48.17,0.37,,50.88,0.09,,,120,Moderate
Brajrajnagar,5/18/2020,,,,,,,,,,,,,,
Brajrajnagar,5/19/2020,,,,,,,,,,,,,,
Brajrajnagar,5/20/2020,,,,,,,,,,,,,,
Brajrajnagar,5/21/2020,,,,,,,,,,,,,,
Brajrajnagar,5/22/2020,,,,,,,,,,,,,,
Brajrajnagar,5/23/2020,,,,,,,,,,,,,,
Brajrajnagar,5/24/2020,,,,,,,,,,,,,,
Brajrajnagar,5/25/2020,,,,,,,,,,,,,,
Brajrajnagar,5/26/2020,,,,,,,,,,,,,,
Brajrajnagar,5/27/2020,,,,,,,,,,,,,,
Brajrajnagar,5/28/2020,,,,,,,,,,,,,,
Brajrajnagar,5/29/2020,158.38,147.23,289.75,29.45,289.09,104.21,0.82,9.28,3.06,0,,,,
Brajrajnagar,5/30/2020,45.22,84.74,62.18,7.46,14.98,76.62,0.62,8.56,51.45,0,,,,
Brajrajnagar,5/31/2020,30.4,74.06,16.55,0.49,13.63,3.19,0.66,7.07,36.01,0,,,73,Satisfactory
Brajrajnagar,6/1/2020,85.7,97.14,11.44,0.6,5.35,2.91,0.68,6.2,54.66,0,,,,
Brajrajnagar,6/2/2020,57.78,97.36,16.02,0.52,15.32,3.23,0.57,5.93,57.67,0,,,131,Moderate
Brajrajnagar,6/3/2020,63.28,95.86,,,0,,0.66,5.25,58.88,0,,,98,Satisfactory
Brajrajnagar,6/4/2020,31.8,77.28,,,0,,0,6.31,37.58,0,,,,
Brajrajnagar,6/5/2020,22.8,413.89,,,0,,0,5.37,14.91,0,,,168,Moderate
Brajrajnagar,6/6/2020,95.99,226.52,10.01,0.83,3.52,2.68,0.74,6.42,22.99,0,,,,
Brajrajnagar,6/7/2020,115.75,168.85,13.95,0.71,14.49,2.91,0.71,8.73,32.08,0,,,,
Brajrajnagar,6/8/2020,77.38,144.41,14.48,0.61,15.03,3.03,0.64,6.88,74.93,0,,,,
Brajrajnagar,6/9/2020,65.01,176.81,14.68,0.53,15.17,3.03,0.64,6.52,54.7,0,,,132,Moderate
Brajrajnagar,6/10/2020,41.25,254.96,17.11,0.53,17.61,3.17,0.56,5.04,29.4,0,,,,
Brajrajnagar,6/11/2020,45.07,106.78,,,0,,0.59,5.94,34.99,0,,,99,Satisfactory
Brajrajnagar,6/12/2020,34.71,90.12,,,0,,0.63,6.83,15.55,0,,,76,Satisfactory
Brajrajnagar,6/13/2020,44.62,182.52,,,0,,0.63,6.94,14,0,,,,
Brajrajnagar,6/14/2020,121.74,158.88,,,0,,0.57,4.38,20.55,0,,,,
Brajrajnagar,6/15/2020,40.23,253.14,,,0,,1.03,16.64,,0,,,,
Brajrajnagar,6/16/2020,62.9,502.09,,,0,,1.21,24.36,,0,,,,
Brajrajnagar,6/17/2020,,,,,,,,,,,,,,
Brajrajnagar,6/18/2020,,,,,,,,,,,,,,
Brajrajnagar,6/19/2020,,,,,,,,,,,,,,
Brajrajnagar,6/20/2020,,,,,,,,,,,,,,
Brajrajnagar,6/21/2020,,,,,,,,,,,,,,
Brajrajnagar,6/22/2020,,,,,,,,,,,,,,
Brajrajnagar,6/23/2020,,,,,,,,,,,,,,
Brajrajnagar,6/24/2020,308.79,589.39,,,0,,0,,8.16,0,,,,
Brajrajnagar,6/25/2020,129.63,203.93,229.1,34.04,23.95,81.19,0.32,10.37,22.17,0,,,,
Brajrajnagar,6/26/2020,29.21,71.31,3.22,3.37,5.65,20.86,0.43,7.47,21.95,0,,,,
Brajrajnagar,6/27/2020,,,,,,,,,,,,,,
Brajrajnagar,6/28/2020,,,,,,,,,,,,,,
Brajrajnagar,6/29/2020,,,,,,,,,,,,,,
Brajrajnagar,6/30/2020,,,,,,,,,,,,,,
Brajrajnagar,7/1/2020,,,,,,,,,,,,,,
